variavel,cluster_a,cluster_b,n_a,n_b,U,p_raw,p_adj,significativo
ResidencialPopularHor_pct,1,0,35757,357524,3577207727.0,0.0,0.0,True
ResidencialPopularHor_pct,1,3,35757,12724,219505226.0,2.6783906112956353e-11,2.6783906112956353e-11,True
ResidencialPopularHor_pct,1,2,35757,5848,121279230.5,1.4673925556950672e-112,1.7608710668340806e-112,True
ResidencialPopularHor_pct,0,3,357524,12724,3096334381.5,0.0,0.0,True
ResidencialPopularHor_pct,0,2,357524,5848,1643974002.5,0.0,0.0,True
ResidencialPopularHor_pct,3,2,12724,5848,43822798.0,3.1352257382279573e-115,4.702838607341936e-115,True
EnsinoSuperiorCompleto,1,0,35757,357524,8756222889.5,0.0,0.0,True
EnsinoSuperiorCompleto,1,3,35757,3221,34709947.5,3.298642010311508e-306,4.947963015467262e-306,True
EnsinoSuperiorCompleto,1,2,35757,5848,88915182.5,2.3886642520088413e-75,2.3886642520088413e-75,True
EnsinoSuperiorCompleto,0,3,357524,3221,187586935.5,0.0,0.0,True
EnsinoSuperiorCompleto,0,2,357524,5848,512711928.5,0.0,0.0,True
EnsinoSuperiorCompleto,3,2,3221,5848,12104723.0,2.2943333281206173e-112,2.7531999937447404e-112,True
ResidencialAltoPadraoVert,1,0,35757,357524,6842159651.0,0.0,0.0,True
ResidencialAltoPadraoVert,1,3,35757,12724,232817971.5,4.385872831378296e-17,4.385872831378296e-17,True
ResidencialAltoPadraoVert,1,2,35757,5848,95919165.5,5.514313655369893e-87,6.617176386443871e-87,True
ResidencialAltoPadraoVert,0,3,357524,12724,2167581618.5,0.0,0.0,True
ResidencialAltoPadraoVert,0,2,357524,5848,885765310.5,0.0,0.0,True
ResidencialAltoPadraoVert,3,2,12724,5848,33263808.0,2.9259386206261387e-115,4.388907930939208e-115,True
cr_1_pct,1,0,35757,357523,7255877919.5,0.0,0.0,True
cr_1_pct,1,3,35757,12416,241902068.5,4.873697233928667e-121,7.310545850893002e-121,True
cr_1_pct,1,2,35757,5848,98556700.5,1.3183118394455576e-24,1.3183118394455576e-24,True
cr_1_pct,0,3,357523,12416,2129241549.0,2.775151860500192e-88,3.3301822326002304e-88,True
cr_1_pct,0,2,357523,5848,842576202.5,0.0,0.0,True
cr_1_pct,3,2,12416,5848,31007477.5,5.344789034023204e-155,1.0689578068046408e-154,True
ComercioServicos,1,0,35757,357524,8157346193.0,0.0,0.0,True
ComercioServicos,1,3,35757,12724,245664571.5,8.203828021546136e-42,9.844593625855363e-42,True
ComercioServicos,1,2,35757,5848,94913001.5,4.0645264697918036e-30,4.0645264697918036e-30,True
ComercioServicos,0,3,357524,12724,1921098503.5,1.434499431028534e-207,2.868998862057068e-207,True
ComercioServicos,0,2,357524,5848,652017113.0,0.0,0.0,True
ComercioServicos,3,2,12724,5848,31153802.0,5.4076884172397134e-73,8.111532625859571e-73,True
concentracaoStartups,1,0,35757,357524,6391577277.0,0.7993448079735345,0.7993448079735345,False
concentracaoStartups,1,3,35757,12724,215934226.0,0.0,0.0,True
concentracaoStartups,1,2,35757,5848,104483587.5,0.3077931430370615,0.3872483916677685,False
concentracaoStartups,0,3,357524,12724,2159082431.0,0.0,0.0,True
concentracaoStartups,0,2,357524,5848,1044769414.5,0.32270699305647377,0.3872483916677685,False
concentracaoStartups,3,2,12724,5848,39067904.0,4.4250733048933766e-63,8.850146609786753e-63,True
ConcentracaoAreaVerde,1,0,35757,357524,6376645867.0,2.573438499335084e-09,7.720315498005253e-09,True
ConcentracaoAreaVerde,1,3,35757,12724,228037658.0,2.5030601402319943e-06,5.006120280463989e-06,True
ConcentracaoAreaVerde,1,2,35757,5848,104559784.0,0.9388397043283779,0.9388397043283779,False
ConcentracaoAreaVerde,0,3,357524,12724,2285533292.5,2.520067689057298e-13,1.5120406134343787e-12,True
ConcentracaoAreaVerde,0,2,357524,5848,1047974579.0,0.011451933613709081,0.013742320336450897,True
ConcentracaoAreaVerde,3,2,12724,5848,37116818.0,8.272329511230294e-05,0.00012408494266845442,True
ConcentracaoIES,1,0,35757,357524,6468676366.5,5.335775558286429e-202,3.2014653349718572e-201,True
ConcentracaoIES,1,3,35757,12724,226170796.0,1.9791411896355857e-05,1.9791411896355857e-05,True
ConcentracaoIES,1,2,35757,5848,106228920.0,1.8909333912313942e-22,2.8364000868470914e-22,True
ConcentracaoIES,0,3,357524,12724,2234196249.5,1.3850071848781854e-184,4.1550215546345565e-184,True
ConcentracaoIES,0,2,357524,5848,1049604888.0,1.1769462392958392e-06,1.412335487155007e-06,True
ConcentracaoIES,3,2,12724,5848,38014924.0,6.067212807591356e-30,1.2134425615182712e-29,True
SemBaldeacao,1,0,35757,357524,4755437212.0,0.0,0.0,True
SemBaldeacao,1,3,35757,12724,300628707.0,0.0,0.0,True
SemBaldeacao,1,2,35757,5848,110983698.5,4.288618661163396e-14,4.288618661163396e-14,True
SemBaldeacao,0,3,357524,12724,3614822886.0,0.0,0.0,True
SemBaldeacao,0,2,357524,5848,1361994392.5,0.0,0.0,True
SemBaldeacao,3,2,12724,5848,28587275.5,2.8407520442608177e-142,3.4089024531129814e-142,True
EnsinoMedioCompleto,1,0,35757,357524,8398670004.0,0.0,0.0,True
EnsinoMedioCompleto,1,3,35757,3221,42104731.0,2.2039183326986708e-141,3.3058774990480067e-141,True
EnsinoMedioCompleto,1,2,35757,5848,96115023.0,3.7097836014920215e-23,3.7097836014920215e-23,True
EnsinoMedioCompleto,0,3,357524,3221,269947191.5,0.0,0.0,True
EnsinoMedioCompleto,0,2,357524,5848,644173928.0,0.0,0.0,True
EnsinoMedioCompleto,3,2,3221,5848,11275628.0,1.044575359392647e-54,1.2534904312711764e-54,True
2a5SalariosMinimos,1,0,35757,357524,9091004267.5,0.0,0.0,True
2a5SalariosMinimos,1,3,35757,3221,33357853.5,0.0,0.0,True
2a5SalariosMinimos,1,2,35757,5848,85835222.0,4.0173269278935314e-107,4.820792313472237e-107,True
2a5SalariosMinimos,0,3,357524,3221,159248107.5,0.0,0.0,True
2a5SalariosMinimos,0,2,357524,5848,454665877.0,0.0,0.0,True
2a5SalariosMinimos,3,2,3221,5848,11923311.0,5.903694699791558e-98,5.903694699791558e-98,True
cr_3_pct,1,0,35757,357523,6506064992.0,1.2361966135976377e-08,1.8542949203964567e-08,True
cr_3_pct,1,3,35757,12416,292761930.5,0.0,0.0,True
cr_3_pct,1,2,35757,5848,105453162.0,0.26989748688964743,0.3238769842675769,False
cr_3_pct,0,3,357523,12416,3050497723.0,0.0,0.0,True
cr_3_pct,0,2,357523,5848,1038386297.5,0.3685672246894296,0.3685672246894296,False
cr_3_pct,3,2,12416,5848,25568769.5,0.0,0.0,True
EmpresaMedioPorte,1,0,35757,357524,8443382752.0,0.0,0.0,True
EmpresaMedioPorte,1,3,35757,3221,34043570.5,0.0,0.0,True
EmpresaMedioPorte,1,2,35757,5848,87096117.5,1.9881804115888383e-93,1.9881804115888383e-93,True
EmpresaMedioPorte,0,3,357524,3221,196135011.5,0.0,0.0,True
EmpresaMedioPorte,0,2,357524,5848,543397616.0,0.0,0.0,True
EmpresaMedioPorte,3,2,3221,5848,11954066.5,2.505872318174056e-100,3.007046781808867e-100,True
ResidencialAltoPadraoHor_pct,1,0,35757,357524,7567807833.0,0.0,0.0,True
ResidencialAltoPadraoHor_pct,1,3,35757,12724,255783205.5,2.588707883574727e-135,3.8830618253620906e-135,True
ResidencialAltoPadraoHor_pct,1,2,35757,5848,97653006.0,1.7191804863413452e-20,1.7191804863413452e-20,True
ResidencialAltoPadraoHor_pct,0,3,357524,12724,2146897939.0,1.1182861128424083e-53,1.34194333541089e-53,True
ResidencialAltoPadraoHor_pct,0,2,357524,5848,779300921.0,0.0,0.0,True
ResidencialAltoPadraoHor_pct,3,2,12724,5848,30054880.0,2.705705318767842e-146,5.411410637535684e-146,True
DeslocamentoCaminhada,1,0,35757,357524,3339447514.5,0.0,0.0,True
DeslocamentoCaminhada,1,3,35757,12724,255155552.0,1.4036909860045989e-92,2.1055364790068984e-92,True
DeslocamentoCaminhada,1,2,35757,5848,115183408.0,9.100823965175167e-36,1.0920988758210199e-35,True
DeslocamentoCaminhada,0,3,357524,12724,3604733953.0,0.0,0.0,True
DeslocamentoCaminhada,0,2,357524,5848,1629159953.0,0.0,0.0,True
DeslocamentoCaminhada,3,2,12724,5848,36512036.5,0.041152259373354344,0.041152259373354344,True
NaoMapeado,1,0,35757,357524,7287570723.5,0.0,0.0,True
NaoMapeado,1,3,35757,12724,103109737.0,0.0,0.0,True
NaoMapeado,1,2,35757,5848,100932640.5,1.2698910134695786e-05,1.2698910134695786e-05,True
NaoMapeado,0,3,357524,12724,850531771.0,0.0,0.0,True
NaoMapeado,0,2,357524,5848,847399365.0,2.0029283700457189e-156,2.4035140440548625e-156,True
NaoMapeado,3,2,12724,5848,58614938.5,0.0,0.0,True
Maisde65anos,1,0,35757,357524,8698602661.5,0.0,0.0,True
Maisde65anos,1,3,35757,3221,33386553.5,0.0,0.0,True
Maisde65anos,1,2,35757,5848,85943463.5,3.433355162791445e-106,4.120026195349734e-106,True
Maisde65anos,0,3,357524,3221,160139567.5,0.0,0.0,True
Maisde65anos,0,2,357524,5848,501285470.0,0.0,0.0,True
Maisde65anos,3,2,3221,5848,11732933.0,6.029644902440799e-84,6.029644902440799e-84,True
EmpresaPequenoPorte,1,0,35757,357524,8556396766.0,0.0,0.0,True
EmpresaPequenoPorte,1,3,35757,3221,35196282.5,1.9346062764754815e-293,2.9019094147132223e-293,True
EmpresaPequenoPorte,1,2,35757,5848,91724438.5,2.602782321196783e-51,2.602782321196783e-51,True
EmpresaPequenoPorte,0,3,357524,3221,208454602.0,0.0,0.0,True
EmpresaPequenoPorte,0,2,357524,5848,582471425.0,0.0,0.0,True
EmpresaPequenoPorte,3,2,3221,5848,11897194.0,5.710604497803978e-96,6.852725397364774e-96,True
AreaOcupada,1,0,35757,357524,7195419704.5,0.0,0.0,True
AreaOcupada,1,3,35757,12724,267267536.5,3.02110749882199e-189,9.06332249646597e-189,True
AreaOcupada,1,2,35757,5848,96904578.5,2.632027870008497e-19,2.632027870008497e-19,True
AreaOcupada,0,3,357524,12724,2392304842.5,2.8478237348532336e-23,3.41738848182388e-23,True
AreaOcupada,0,2,357524,5848,844931907.0,4.606423366492758e-140,6.909635049739137e-140,True
AreaOcupada,3,2,12724,5848,28274981.5,1.320539604266186e-152,2.641079208532372e-152,True
Masculino,1,0,35757,357524,8402856025.0,0.0,0.0,True
Masculino,1,3,35757,3221,34592355.5,2.47317402149465e-309,3.709761032241973e-309,True
Masculino,1,2,35757,5848,89267116.0,4.469698366688347e-72,4.469698366688347e-72,True
Masculino,0,3,357524,3221,194637121.5,0.0,0.0,True
Masculino,0,2,357524,5848,554583431.0,0.0,0.0,True
Masculino,3,2,3221,5848,12198999.5,3.0062276467264317e-120,3.6074731760717176e-120,True
DistanciaTransportePublico,1,0,35438,356806,3385891852.0,0.0,0.0,True
DistanciaTransportePublico,1,3,35438,12407,230759020.5,1.6236398024761936e-16,1.6236398024761936e-16,True
DistanciaTransportePublico,1,2,35438,5810,123760468.0,3.98340762847581e-135,5.975111442713715e-135,True
DistanciaTransportePublico,0,3,356806,12407,3224948045.0,0.0,0.0,True
DistanciaTransportePublico,0,2,356806,5810,1702958720.0,0.0,0.0,True
DistanciaTransportePublico,3,2,12407,5810,40478665.0,5.253391992382962e-41,6.304070390859554e-41,True
18a29anos,1,0,35757,357524,8417474260.0,0.0,0.0,True
18a29anos,1,3,35757,3221,35649480.5,9.621866002528787e-282,1.443279900379318e-281,True
18a29anos,1,2,35757,5848,90865535.5,3.716626399144589e-58,3.716626399144589e-58,True
18a29anos,0,3,357524,3221,213227807.0,0.0,0.0,True
18a29anos,0,2,357524,5848,571551648.5,0.0,0.0,True
18a29anos,3,2,3221,5848,12105791.0,1.8701159024237066e-112,2.2441390829084476e-112,True
DeslocamentoBicicleta,1,0,35757,357524,6592208909.5,1.0801542438579264e-23,1.0801542438579264e-23,True
DeslocamentoBicicleta,1,3,35757,12724,295786574.5,0.0,0.0,True
DeslocamentoBicicleta,1,2,35757,5848,93171680.5,1.3414777463076773e-41,1.6097732955692128e-41,True
DeslocamentoBicicleta,0,3,357524,12724,2830326489.0,0.0,0.0,True
DeslocamentoBicicleta,0,2,357524,5848,908575978.5,8.519877522982593e-70,1.277981628447389e-69,True
DeslocamentoBicicleta,3,2,12724,5848,22555006.5,0.0,0.0,True
Maisde10SalariosMinimos,1,0,35757,357524,7501704520.0,0.0,0.0,True
Maisde10SalariosMinimos,1,3,35757,3221,38625810.5,5.007878214724221e-211,7.5118173220863315e-211,True
Maisde10SalariosMinimos,1,2,35757,5848,92920701.5,1.682433786753746e-42,1.682433786753746e-42,True
Maisde10SalariosMinimos,0,3,357524,3221,280610992.5,0.0,0.0,True
Maisde10SalariosMinimos,0,2,357524,5848,732249511.0,0.0,0.0,True
Maisde10SalariosMinimos,3,2,3221,5848,11597440.5,1.3509027349734459e-74,1.621083281968135e-74,True
MestradoDoutoradoCompleto,1,0,35757,357524,9022088720.0,0.0,0.0,True
MestradoDoutoradoCompleto,1,3,35757,3221,37429742.0,7.426618706630885e-242,1.113992805994633e-241,True
MestradoDoutoradoCompleto,1,2,35757,5848,87231080.5,1.8652323242654645e-93,2.2382787891185575e-93,True
MestradoDoutoradoCompleto,0,3,357524,3221,178991158.0,0.0,0.0,True
MestradoDoutoradoCompleto,0,2,357524,5848,479729544.5,0.0,0.0,True
MestradoDoutoradoCompleto,3,2,3221,5848,11205241.0,6.145102783621004e-51,6.145102783621004e-51,True
5a10SalariosMinimos,1,0,35757,357524,8571257221.0,0.0,0.0,True
5a10SalariosMinimos,1,3,35757,3221,35555682.0,3.7866243937763306e-284,5.679936590664496e-284,True
5a10SalariosMinimos,1,2,35757,5848,91261525.5,6.0478285504958336e-55,6.0478285504958336e-55,True
5a10SalariosMinimos,0,3,357524,3221,178724067.0,0.0,0.0,True
5a10SalariosMinimos,0,2,357524,5848,528036822.0,0.0,0.0,True
5a10SalariosMinimos,3,2,3221,5848,12254733.5,4.885223305863346e-125,5.862267967036016e-125,True
DistanciaPatrimonioHistorico,1,0,35757,357524,3370010327.0,0.0,0.0,True
DistanciaPatrimonioHistorico,1,3,35757,12724,424452050.5,0.0,0.0,True
DistanciaPatrimonioHistorico,1,2,35757,5848,113110752.5,9.189997842956864e-24,9.189997842956864e-24,True
DistanciaPatrimonioHistorico,0,3,357524,12724,4419834336.5,0.0,0.0,True
DistanciaPatrimonioHistorico,0,2,357524,5848,1629500496.5,0.0,0.0,True
DistanciaPatrimonioHistorico,3,2,12724,5848,5340952.0,0.0,0.0,True
OrigemMotivoTrabalhoComercioServico,1,0,35757,357524,3991928061.5,0.0,0.0,True
OrigemMotivoTrabalhoComercioServico,1,3,35757,12724,273171041.0,6.511808396958199e-249,9.7677125954373e-249,True
OrigemMotivoTrabalhoComercioServico,1,2,35757,5848,112745821.5,6.491705739691437e-22,6.491705739691437e-22,True
OrigemMotivoTrabalhoComercioServico,0,3,357524,12724,3547981739.0,0.0,0.0,True
OrigemMotivoTrabalhoComercioServico,0,2,357524,5848,1496080702.5,0.0,0.0,True
OrigemMotivoTrabalhoComercioServico,3,2,12724,5848,33141633.5,4.857410893010647e-33,5.828893071612776e-33,True
TO,1,0,35757,357524,8384739158.0,0.0,0.0,True
TO,1,3,35757,12724,223150259.5,0.0013839499372781268,0.0013839499372781268,True
TO,1,2,35757,5848,96520479.0,3.939276226066225e-21,5.9089143390993374e-21,True
TO,0,3,357524,12724,1617384409.5,0.0,0.0,True
TO,0,2,357524,5848,651330583.0,0.0,0.0,True
TO,3,2,12724,5848,35422980.0,1.5124636086706206e-07,1.8149563304047446e-07,True
DestinoMotivoEducacao,1,0,35757,357524,3536505413.5,0.0,0.0,True
DestinoMotivoEducacao,1,3,35757,12724,275960193.0,5.795547621839728e-280,8.693321432759592e-280,True
DestinoMotivoEducacao,1,2,35757,5848,122757436.0,2.073810624735462e-101,2.4885727496825543e-101,True
DestinoMotivoEducacao,0,3,357524,12724,3777391452.5,0.0,0.0,True
DestinoMotivoEducacao,0,2,357524,5848,1657090545.5,0.0,0.0,True
DestinoMotivoEducacao,3,2,12724,5848,36297027.5,0.007459665018236243,0.007459665018236243,True
OrigemMotivotrabalhoindustria,1,0,35757,357524,3591651306.0,0.0,0.0,True
OrigemMotivotrabalhoindustria,1,3,35757,12724,259800164.0,1.468752949392209e-125,2.2031294240883138e-125,True
OrigemMotivotrabalhoindustria,1,2,35757,5848,114605106.5,3.6736167989131797e-32,4.408340158695815e-32,True
OrigemMotivotrabalhoindustria,0,3,357524,12724,3568870070.5,0.0,0.0,True
OrigemMotivotrabalhoindustria,0,2,357524,5848,1593145654.0,0.0,0.0,True
OrigemMotivotrabalhoindustria,3,2,12724,5848,35662474.0,5.478248560761475e-06,5.478248560761475e-06,True
ResidencialAltoPadraoVert_pct,1,0,35757,357524,6805567067.5,0.0,0.0,True
ResidencialAltoPadraoVert_pct,1,3,35757,12724,232970812.5,1.5642054357353882e-19,1.5642054357353882e-19,True
ResidencialAltoPadraoVert_pct,1,2,35757,5848,96270699.5,2.1679894554588817e-86,2.6015873465506578e-86,True
ResidencialAltoPadraoVert_pct,0,3,357524,12724,2180738806.0,0.0,0.0,True
ResidencialAltoPadraoVert_pct,0,2,357524,5848,895200031.0,0.0,0.0,True
ResidencialAltoPadraoVert_pct,3,2,12724,5848,33332140.0,7.277635576441078e-121,1.0916453364661618e-120,True
NumerodePavimentos,1,0,35757,357524,8555539910.5,0.0,0.0,True
NumerodePavimentos,1,3,35757,12724,244017914.5,4.1522519436817995e-38,4.1522519436817995e-38,True
NumerodePavimentos,1,2,35757,5848,86447968.0,9.860200782403204e-114,1.1832240938883844e-113,True
NumerodePavimentos,0,3,357524,12724,1820639075.0,0.0,0.0,True
NumerodePavimentos,0,2,357524,5848,529146134.5,0.0,0.0,True
NumerodePavimentos,3,2,12724,5848,29425698.0,5.939775080056944e-126,8.909662620085416e-126,True
TempoMediodeViagem,1,0,35757,357524,5673636865.0,8.021425860918468e-270,1.6042851721836936e-269,True
TempoMediodeViagem,1,3,35757,12724,311539916.5,0.0,0.0,True
TempoMediodeViagem,1,2,35757,5848,108674908.5,1.2958466989161052e-06,1.2958466989161052e-06,True
TempoMediodeViagem,0,3,357524,12724,3699229428.0,0.0,0.0,True
TempoMediodeViagem,0,2,357524,5848,1173306876.5,3.8173503329097875e-58,4.580820399491745e-58,True
TempoMediodeViagem,3,2,12724,5848,27865113.5,9.235787429603636e-167,1.3853681144405455e-166,True
ComercioServicos_pct,1,0,35757,357524,7951513242.0,0.0,0.0,True
ComercioServicos_pct,1,3,35757,12724,245114678.5,2.0784600651458595e-39,2.6402043904412247e-39,True
ComercioServicos_pct,1,2,35757,5848,100395160.5,8.829381099955897e-07,8.829381099955897e-07,True
ComercioServicos_pct,0,3,357524,12724,1955389982.0,6.67099840436269e-170,1.334199680872538e-169,True
ComercioServicos_pct,0,2,357524,5848,745297303.0,0.0,0.0,True
ComercioServicos_pct,3,2,12724,5848,32811133.5,2.2001703253676872e-39,2.6402043904412247e-39,True
Estrangeira,1,0,35757,357524,7651715870.5,0.0,0.0,True
Estrangeira,1,3,35757,3221,37615680.5,1.2532766933495692e-234,1.8799150400243538e-234,True
Estrangeira,1,2,35757,5848,89670126.5,1.2009444740711983e-68,1.2009444740711983e-68,True
Estrangeira,0,3,357524,3221,273683396.0,0.0,0.0,True
Estrangeira,0,2,357524,5848,680579416.5,0.0,0.0,True
Estrangeira,3,2,3221,5848,11564430.5,1.7138051956402677e-72,2.056566234768321e-72,True
Numero_Viagens,1,0,35757,357524,4602067571.5,0.0,0.0,True
Numero_Viagens,1,3,35757,12724,228214175.0,0.5912234611386755,0.5912234611386755,False
Numero_Viagens,1,2,35757,5848,112228076.5,1.9980737691565044e-19,2.9971106537347566e-19,True
Numero_Viagens,0,3,357524,12724,2874845754.5,0.0,0.0,True
Numero_Viagens,0,2,357524,5848,1407958414.5,0.0,0.0,True
Numero_Viagens,3,2,12724,5848,39690719.5,2.386140744229007e-13,2.8633688930748086e-13,True
DistanciaAreasVerdes,1,0,35757,357524,6059630693.0,2.74217874485228e-59,4.11326811727842e-59,True
DistanciaAreasVerdes,1,3,35757,12724,406268428.5,0.0,0.0,True
DistanciaAreasVerdes,1,2,35757,5848,102982304.5,0.06500449377465056,0.06500449377465056,False
DistanciaAreasVerdes,0,3,357524,12724,4090479822.5,0.0,0.0,True
DistanciaAreasVerdes,0,2,357524,5848,1086961303.5,1.7575792243284195e-07,2.1090950691941033e-07,True
DistanciaAreasVerdes,3,2,12724,5848,7738369.0,0.0,0.0,True
EmpresaGrandePorte,1,0,35757,357524,8255307676.0,0.0,0.0,True
EmpresaGrandePorte,1,3,35757,3221,36379776.0,1.8962116194014967e-263,2.8443174291022452e-263,True
EmpresaGrandePorte,1,2,35757,5848,92014543.5,4.293535226752497e-49,4.293535226752497e-49,True
EmpresaGrandePorte,0,3,357524,3221,215981743.0,0.0,0.0,True
EmpresaGrandePorte,0,2,357524,5848,602874522.5,0.0,0.0,True
EmpresaGrandePorte,3,2,3221,5848,12029758.5,2.738943911996067e-106,3.2867326943952806e-106,True
Ate2SalariosMinimos,1,0,35757,357524,9151850574.5,0.0,0.0,True
Ate2SalariosMinimos,1,3,35757,3221,35503823.5,1.7170720065727808e-285,2.5756080098591712e-285,True
Ate2SalariosMinimos,1,2,35757,5848,87225552.0,4.388867977328417e-92,5.2666415727941e-92,True
Ate2SalariosMinimos,0,3,357524,3221,173897613.0,0.0,0.0,True
Ate2SalariosMinimos,0,2,357524,5848,471493865.0,0.0,0.0,True
Ate2SalariosMinimos,3,2,3221,5848,11587811.0,5.932539209171074e-74,5.932539209171074e-74,True
ResidencialPopularVert,1,0,35757,357524,6678808695.0,5.17363216117155e-250,3.10417929670293e-249,True
ResidencialPopularVert,1,3,35757,12724,226150505.5,0.062183259083144135,0.07461991089977296,False
ResidencialPopularVert,1,2,35757,5848,105191975.5,0.15180123993913433,0.15180123993913433,False
ResidencialPopularVert,0,3,357524,12724,2160469846.0,1.231014149865631e-123,3.693042449596893e-123,True
ResidencialPopularVert,0,2,357524,5848,1004963231.0,2.405552057279785e-36,4.81110411455957e-36,True
ResidencialPopularVert,3,2,12724,5848,37658671.5,0.011437798989469375,0.017156698484204064,True
DestinoMotivoResidencia,1,0,35757,357524,3162470660.5,0.0,0.0,True
DestinoMotivoResidencia,1,3,35757,12724,257427118.0,4.501503461680352e-108,6.7522551925205284e-108,True
DestinoMotivoResidencia,1,2,35757,5848,118430631.5,1.021191861200284e-59,1.2254302334403407e-59,True
DestinoMotivoResidencia,0,3,357524,12724,3718939751.5,0.0,0.0,True
DestinoMotivoResidencia,0,2,357524,5848,1695607725.0,0.0,0.0,True
DestinoMotivoResidencia,3,2,12724,5848,37293705.5,0.7937284018889028,0.7937284018889028,False
Brasileira,1,0,35757,357524,8452301747.0,0.0,0.0,True
Brasileira,1,3,35757,3221,34339371.5,0.0,0.0,True
Brasileira,1,2,35757,5848,89073673.5,7.28845656583747e-74,7.28845656583747e-74,True
Brasileira,0,3,357524,3221,192794308.0,0.0,0.0,True
Brasileira,0,2,357524,5848,550329287.0,0.0,0.0,True
Brasileira,3,2,3221,5848,12205878.0,7.809356105199097e-121,9.371227326238916e-121,True
cr_4_pct,1,0,35757,357523,4795707421.5,0.0,0.0,True
cr_4_pct,1,3,35757,12416,209756177.0,4.2711592401316454e-20,6.406738860197469e-20,True
cr_4_pct,1,2,35757,5848,107448178.5,0.0006626867691529617,0.0006626867691529617,True
cr_4_pct,0,3,357523,12416,2497959520.0,3.663880848388914e-126,7.327761696777828e-126,True
cr_4_pct,0,2,357523,5848,1336214485.0,1.5542311245437224e-294,4.6626933736311676e-294,True
cr_4_pct,3,2,12416,5848,38980641.0,5.752826200807423e-16,6.903391440968907e-16,True
Terreno_pct,1,0,35757,357524,4614839564.0,0.0,0.0,True
Terreno_pct,1,3,35757,12724,217234611.5,1.75499595347105e-17,1.75499595347105e-17,True
Terreno_pct,1,2,35757,5848,112901466.0,8.66858720900156e-29,1.0402304650801871e-28,True
Terreno_pct,0,3,357524,12724,2742529526.0,0.0,0.0,True
Terreno_pct,0,2,357524,5848,1410713701.0,0.0,0.0,True
Terreno_pct,3,2,12724,5848,41564795.0,1.7322248556723887e-48,2.598337283508583e-48,True
ResidencialPopularHor,1,0,35757,357524,3706309232.0,0.0,0.0,True
ResidencialPopularHor,1,3,35757,12724,223558646.0,0.0012192438146223813,0.0012192438146223813,True
ResidencialPopularHor,1,2,35757,5848,120050909.5,8.571209759744866e-94,1.28568146396173e-93,True
ResidencialPopularHor,0,3,357524,12724,3145451197.0,0.0,0.0,True
ResidencialPopularHor,0,2,357524,5848,1616316740.5,0.0,0.0,True
ResidencialPopularHor,3,2,12724,5848,43039420.0,3.627309140061115e-87,4.352770968073338e-87,True
30a39anos,1,0,35757,357524,8385453844.5,0.0,0.0,True
30a39anos,1,3,35757,3221,35220833.0,8.626675324632854e-293,1.2940012986949283e-292,True
30a39anos,1,2,35757,5848,89750951.5,1.0485630921010704e-67,1.0485630921010704e-67,True
30a39anos,0,3,357524,3221,197726545.0,0.0,0.0,True
30a39anos,0,2,357524,5848,557105771.0,0.0,0.0,True
30a39anos,3,2,3221,5848,12036751.5,7.523172366841476e-107,9.02780684020977e-107,True
DestinoMotivoOutros,1,0,35757,357524,6258064797.5,6.029262588964122e-11,9.043893883446183e-11,True
DestinoMotivoOutros,1,3,35757,12724,204459575.0,1.0802652041212638e-64,6.481591224727583e-64,True
DestinoMotivoOutros,1,2,35757,5848,107179417.0,0.0020422224556600407,0.0020422224556600407,True
DestinoMotivoOutros,0,3,357524,12724,2096150134.5,2.9794205269519205e-51,8.938261580855761e-51,True
DestinoMotivoOutros,0,2,357524,5848,1093540317.0,1.4471096681553363e-09,1.7365316017864035e-09,True
DestinoMotivoOutros,3,2,12724,5848,41929155.0,4.689136677915776e-44,9.378273355831551e-44,True
CA,1,0,35757,357524,8388166368.5,0.0,0.0,True
CA,1,3,35757,12724,138016142.0,0.0,0.0,True
CA,1,2,35757,5848,99946863.5,6.296802224715587e-08,6.296802224715587e-08,True
CA,0,3,357524,12724,829116517.0,0.0,0.0,True
CA,0,2,357524,5848,667917398.5,0.0,0.0,True
CA,3,2,12724,5848,51234848.0,0.0,0.0,True
ResidencialMedioPadraoVert,1,0,35757,357524,7902674974.0,0.0,0.0,True
ResidencialMedioPadraoVert,1,3,35757,12724,234522849.0,1.4677948030035776e-09,1.4677948030035776e-09,True
ResidencialMedioPadraoVert,1,2,35757,5848,89604113.0,5.214507727031544e-89,6.257409272437852e-89,True
ResidencialMedioPadraoVert,0,3,357524,12724,1824751108.0,0.0,0.0,True
ResidencialMedioPadraoVert,0,2,357524,5848,655551500.5,0.0,0.0,True
ResidencialMedioPadraoVert,3,2,12724,5848,30965541.0,3.217061314380584e-98,4.8255919715708764e-98,True
ValorTerrenoM2,1,0,35757,357524,10921015088.5,0.0,0.0,True
ValorTerrenoM2,1,3,35757,12724,192411443.0,1.4396298611695072e-147,1.7275558334034085e-147,True
ValorTerrenoM2,1,2,35757,5848,72542129.0,2.574870477904596e-309,3.862305716856894e-309,True
ValorTerrenoM2,0,3,357524,12724,494443045.5,0.0,0.0,True
ValorTerrenoM2,0,2,357524,5848,170870309.0,0.0,0.0,True
ValorTerrenoM2,3,2,12724,5848,32135299.0,1.8419156396926726e-50,1.8419156396926726e-50,True
OutrosUsos_pct,1,0,35757,357524,6489203049.0,1.2104355396250643e-06,1.2104355396250643e-06,True
OutrosUsos_pct,1,3,35757,12724,297429026.5,0.0,0.0,True
OutrosUsos_pct,1,2,35757,5848,114434782.5,4.321426330126953e-32,6.48213949519043e-32,True
OutrosUsos_pct,0,3,357524,12724,2906984085.0,0.0,0.0,True
OutrosUsos_pct,0,2,357524,5848,1122182424.5,5.587069153244277e-23,6.704482983893132e-23,True
OutrosUsos_pct,3,2,12724,5848,28852115.5,4.660801217511923e-151,9.321602435023847e-151,True
densidade_hec,1,0,35693,356243,4689322119.0,0.0,0.0,True
densidade_hec,1,3,35693,12706,210700774.5,1.649894874343209e-32,2.474842311514814e-32,True
densidade_hec,1,2,35693,5843,105757495.0,0.08144294847695695,0.08144294847695695,False
densidade_hec,0,3,356243,12706,2655199009.0,4.268217030024002e-242,8.536434060048004e-242,True
densidade_hec,0,2,356243,5843,1319397265.0,8.703083454610015e-271,2.6109250363830046e-270,True
densidade_hec,3,2,12706,5843,40118028.5,8.904557126774287e-19,1.0685468552129144e-18,True
50a64anos,1,0,35757,357524,8441667794.0,0.0,0.0,True
50a64anos,1,3,35757,3221,37030412.5,1.1088209220852226e-247,1.663231383127834e-247,True
50a64anos,1,2,35757,5848,89472075.5,3.2341912784366763e-70,3.881029534124012e-70,True
50a64anos,0,3,357524,3221,197618971.5,0.0,0.0,True
50a64anos,0,2,357524,5848,557338613.0,0.0,0.0,True
50a64anos,3,2,3221,5848,11511288.0,5.894652671420979e-69,5.894652671420979e-69,True
cr_5_pct,1,0,35757,357523,6520243991.5,1.7374790394155022e-256,1.0424874236493013e-255,True
cr_5_pct,1,3,35757,12416,224149950.5,6.778453717234968e-09,8.134144460681961e-09,True
cr_5_pct,1,2,35757,5848,103687986.0,0.0006632616143756397,0.0006632616143756397,True
cr_5_pct,0,3,357523,12416,2196964047.5,1.7612162597660746e-29,3.522432519532149e-29,True
cr_5_pct,0,2,357523,5848,1015872404.0,2.2836321828652e-103,6.850896548595601e-103,True
cr_5_pct,3,2,12416,5848,35653366.5,6.381966804541468e-13,9.572950206812203e-13,True
Maisde2Baldeacoes,1,0,35757,357524,5279041650.5,0.0,0.0,True
Maisde2Baldeacoes,1,3,35757,12724,252363981.0,2.838696711278904e-75,4.2580450669183563e-75,True
Maisde2Baldeacoes,1,2,35757,5848,109642979.5,2.2304402580496755e-09,2.6765283096596104e-09,True
Maisde2Baldeacoes,0,3,357524,12724,2944986111.5,0.0,0.0,True
Maisde2Baldeacoes,0,2,357524,5848,1264121539.5,2.389535854958971e-166,4.779071709917942e-166,True
Maisde2Baldeacoes,3,2,12724,5848,35946902.0,0.0002064230511660121,0.0002064230511660121,True
ResidencialPopularVert_pct,1,0,35757,357524,6674955235.5,1.0703366163734218e-272,6.422019698240532e-272,True
ResidencialPopularVert_pct,1,3,35757,12724,226207008.5,0.06528756827239247,0.06528756827239247,False
ResidencialPopularVert_pct,1,2,35757,5848,105368723.0,0.058576274621844185,0.06528756827239247,False
ResidencialPopularVert_pct,0,3,357524,12724,2161789196.5,5.5174754243253956e-136,1.6552426272976187e-135,True
ResidencialPopularVert_pct,0,2,357524,5848,1006899584.0,3.27510238914092e-37,6.55020477828184e-37,True
ResidencialPopularVert_pct,3,2,12724,5848,37697711.5,0.004511809781723938,0.0067677146725859064,True
cont_aceleradora,1,0,35757,357524,6415248088.0,9.155134299176871e-91,2.7465402897530617e-90,True
cont_aceleradora,1,3,35757,12724,226425178.5,1.3675049492839695e-09,2.0512574239259546e-09,True
cont_aceleradora,1,2,35757,5848,105009612.0,4.1813197694017393e-07,5.017583723282087e-07,True
cont_aceleradora,0,3,357524,12724,2255662985.0,6.324265795150726e-185,3.794559477090436e-184,True
cont_aceleradora,0,2,357524,5848,1046157492.0,0.03949490755000184,0.03949490755000184,True
cont_aceleradora,3,2,12724,5848,37541236.0,3.0433169109413035e-13,6.086633821882607e-13,True
FracaoIdeal,1,0,35757,357524,6123233104.5,0.0,0.0,True
FracaoIdeal,1,3,35757,12724,241422481.5,1.670502332709881e-113,2.5057534990648217e-113,True
FracaoIdeal,1,2,35757,5848,109584687.0,1.3140003574510369e-43,1.5768004289412441e-43,True
FracaoIdeal,0,3,357524,12724,2508029259.0,0.0,0.0,True
FracaoIdeal,0,2,357524,5848,1139696798.0,0.0,0.0,True
FracaoIdeal,3,2,12724,5848,36679330.5,0.005026372062893843,0.005026372062893843,True
AreaConstruida,1,0,35757,357524,9310043163.0,0.0,0.0,True
AreaConstruida,1,3,35757,12724,147212494.0,0.0,0.0,True
AreaConstruida,1,2,35757,5848,95196680.5,4.313268292981285e-28,4.313268292981285e-28,True
AreaConstruida,0,3,357524,12724,731464477.5,0.0,0.0,True
AreaConstruida,0,2,357524,5848,496142053.0,0.0,0.0,True
AreaConstruida,3,2,12724,5848,46570058.0,1.2283936731523358e-167,1.474072407782803e-167,True
ConcentracaoPatrimonioHistorico,1,0,35757,357524,6692739422.0,0.0,0.0,True
ConcentracaoPatrimonioHistorico,1,3,35757,12724,229618861.0,0.00018546688913608533,0.00022256026696330239,True
ConcentracaoPatrimonioHistorico,1,2,35757,5848,106319726.0,8.473738193844872e-07,1.271060729076731e-06,True
ConcentracaoPatrimonioHistorico,0,3,357524,12724,2189176798.5,7.485132982610598e-197,2.2455398947831796e-196,True
ConcentracaoPatrimonioHistorico,0,2,357524,5848,1013859655.5,2.42347472179251e-63,4.84694944358502e-63,True
ConcentracaoPatrimonioHistorico,3,2,12724,5848,37482977.0,0.035790503064398356,0.035790503064398356,True
AreadaQuadra,1,0,35757,357524,6490921187.0,1.344198004435672e-06,1.344198004435672e-06,True
AreadaQuadra,1,3,35757,12724,262390323.5,3.700811397687455e-146,2.220486838612473e-145,True
AreadaQuadra,1,2,35757,5848,99194136.5,3.090287833433732e-10,3.7083454001204784e-10,True
AreadaQuadra,0,3,357524,12724,2570984337.5,3.733561770355378e-138,1.1200685311066135e-137,True
AreadaQuadra,0,2,357524,5848,980043868.5,2.142489816040776e-16,3.2137347240611643e-16,True
AreadaQuadra,3,2,12724,5848,29605970.0,4.720726348383882e-111,9.441452696767764e-111,True
ConcentracaoBOs,1,0,35757,357524,7573395520.0,0.0,0.0,True
ConcentracaoBOs,1,3,35757,12724,375252664.5,0.0,0.0,True
ConcentracaoBOs,1,2,35757,5848,99277387.5,5.776639381167927e-10,5.776639381167927e-10,True
ConcentracaoBOs,0,3,357524,12724,3680418691.0,0.0,0.0,True
ConcentracaoBOs,0,2,357524,5848,793749183.0,1.5752455379851904e-219,1.8902946455822284e-219,True
ConcentracaoBOs,3,2,12724,5848,12859356.0,0.0,0.0,True
Terreno,1,0,35757,357524,4750760956.0,0.0,0.0,True
Terreno,1,3,35757,12724,220013247.0,1.3080912524262642e-09,1.3080912524262642e-09,True
Terreno,1,2,35757,5848,111502524.0,1.542799387368812e-19,1.8513592648425743e-19,True
Terreno,0,3,357524,12724,2770088058.0,0.0,0.0,True
Terreno,0,2,357524,5848,1376348049.0,0.0,0.0,True
Terreno,3,2,12724,5848,40788939.5,1.428726899949727e-31,2.1430903499245905e-31,True
DeslocamentoTansporteColetivo,1,0,35757,357524,4396013223.5,0.0,0.0,True
DeslocamentoTansporteColetivo,1,3,35757,12724,257349038.0,1.6072427155186523e-107,2.4108640732779786e-107,True
DeslocamentoTansporteColetivo,1,2,35757,5848,116275885.5,4.00961782280983e-43,4.811541387371796e-43,True
DeslocamentoTansporteColetivo,0,3,357524,12724,3242659206.5,0.0,0.0,True
DeslocamentoTansporteColetivo,0,2,357524,5848,1463953005.5,0.0,0.0,True
DeslocamentoTansporteColetivo,3,2,12724,5848,36525543.0,0.04526353549863138,0.04526353549863138,True
Feminino,1,0,35757,357524,8466023413.0,0.0,0.0,True
Feminino,1,3,35757,3221,33184872.5,0.0,0.0,True
Feminino,1,2,35757,5848,87875194.0,1.9219286044619556e-85,1.9219286044619556e-85,True
Feminino,0,3,357524,3221,192621782.5,0.0,0.0,True
Feminino,0,2,357524,5848,554530697.5,0.0,0.0,True
Feminino,3,2,3221,5848,12261391.0,1.286680796852215e-125,1.544016956222658e-125,True
40a49anos,1,0,35757,357524,8296061294.0,0.0,0.0,True
40a49anos,1,3,35757,3221,36748366.0,1.912756130065899e-254,2.8691341950988484e-254,True
40a49anos,1,2,35757,5848,90071523.5,6.956692834476082e-65,6.956692834476082e-65,True
40a49anos,0,3,357524,3221,213009034.5,0.0,0.0,True
40a49anos,0,2,357524,5848,584777732.5,0.0,0.0,True
40a49anos,3,2,3221,5848,11722307.0,3.655293193287717e-83,4.3863518319452605e-83,True
OutrosUsos,1,0,35757,357524,6741293523.5,3.984009565572584e-68,5.976014348358876e-68,True
OutrosUsos,1,3,35757,12724,299967278.5,0.0,0.0,True
OutrosUsos,1,2,35757,5848,109442302.0,5.732900201801643e-09,6.879480242161971e-09,True
OutrosUsos,0,3,357524,12724,2829448583.0,0.0,0.0,True
OutrosUsos,0,2,357524,5848,1033167896.5,0.11578280758835932,0.11578280758835932,False
OutrosUsos,3,2,12724,5848,26914046.5,2.3752008628885077e-221,4.750401725777015e-221,True
OrigemMotivoEducacao,1,0,35757,357524,3015740640.0,0.0,0.0,True
OrigemMotivoEducacao,1,3,35757,12724,270811449.0,4.448454538531336e-224,6.672681807797004e-224,True
OrigemMotivoEducacao,1,2,35757,5848,122149747.0,7.038657663911165e-95,8.446389196693398e-95,True
OrigemMotivoEducacao,0,3,357524,12724,3836045611.0,0.0,0.0,True
OrigemMotivoEducacao,0,2,357524,5848,1738761466.0,0.0,0.0,True
OrigemMotivoEducacao,3,2,12724,5848,36260155.0,0.005365119350211519,0.005365119350211519,True
DistanciaStartup,1,0,35757,357523,178030369.0,0.0,0.0,True
DistanciaStartup,1,3,35757,12724,454972068.0,0.0,0.0,True
DistanciaStartup,1,2,35757,5848,169006748.0,0.0,0.0,True
DistanciaStartup,0,3,357523,12724,4539178163.0,0.0,0.0,True
DistanciaStartup,0,2,357523,5848,2064267976.0,0.0,0.0,True
DistanciaStartup,3,2,12724,5848,0.0,0.0,0.0,True
DestinoMotivotrabalhoindustria,1,0,35757,357524,5539783065.5,0.0,0.0,True
DestinoMotivotrabalhoindustria,1,3,35757,12724,260191747.5,1.4222441301675512e-128,2.8444882603351025e-128,True
DestinoMotivotrabalhoindustria,1,2,35757,5848,106016538.5,0.0857417928797769,0.0857417928797769,False
DestinoMotivotrabalhoindustria,0,3,357524,12724,2981450262.5,0.0,0.0,True
DestinoMotivotrabalhoindustria,0,2,357524,5848,1188318587.0,3.8208193486909136e-72,5.731229023036371e-72,True
DestinoMotivotrabalhoindustria,3,2,12724,5848,32634322.5,2.3727348717481547e-41,2.8472818460977855e-41,True
ResidencialAltoPadraoHor,1,0,35757,357524,7712679801.0,0.0,0.0,True
ResidencialAltoPadraoHor,1,3,35757,12724,257807959.5,1.7781591369249451e-146,2.6672387053874177e-146,True
ResidencialAltoPadraoHor,1,2,35757,5848,94986271.5,3.8704978106680006e-36,3.8704978106680006e-36,True
ResidencialAltoPadraoHor,0,3,357524,12724,2114036216.0,1.9617507736894745e-78,2.3541009284273695e-78,True
ResidencialAltoPadraoHor,0,2,357524,5848,737121418.0,0.0,0.0,True
ResidencialAltoPadraoHor,3,2,12724,5848,28972744.0,1.3986002483247192e-180,2.7972004966494384e-180,True
ValorConstrucaoM2,1,0,35757,357524,9914557379.0,0.0,0.0,True
ValorConstrucaoM2,1,3,35757,12724,165308689.5,0.0,0.0,True
ValorConstrucaoM2,1,2,35757,5848,83850205.0,1.0009924682025885e-130,1.201190961843106e-130,True
ValorConstrucaoM2,0,3,357524,12724,632641171.0,0.0,0.0,True
ValorConstrucaoM2,0,2,357524,5848,350310267.5,0.0,0.0,True
ValorConstrucaoM2,3,2,12724,5848,38936962.5,3.2697475649040493e-07,3.2697475649040493e-07,True
1Baldeacao,1,0,35757,357524,4920659483.0,0.0,0.0,True
1Baldeacao,1,3,35757,12724,251426078.0,8.868349984516842e-70,1.3302524976775264e-69,True
1Baldeacao,1,2,35757,5848,114462125.5,2.667982271295668e-31,3.2015787255548016e-31,True
1Baldeacao,0,3,357524,12724,3015845020.5,0.0,0.0,True
1Baldeacao,0,2,357524,5848,1363001020.0,0.0,0.0,True
1Baldeacao,3,2,12724,5848,37246241.0,0.9032155986788746,0.9032155986788746,False
ResidencialMedioPadraoHor,1,0,35757,357524,5676715514.0,4.694716339509676e-268,1.408414901852903e-267,True
ResidencialMedioPadraoHor,1,3,35757,12724,243846429.5,8.92824246741547e-34,1.3392363701123205e-33,True
ResidencialMedioPadraoHor,1,2,35757,5848,108153973.5,2.212122867916846e-05,2.212122867916846e-05,True
ResidencialMedioPadraoHor,0,3,357524,12724,2696041587.5,1.0354352053354852e-277,6.212611232012911e-277,True
ResidencialMedioPadraoHor,0,2,357524,5848,1202571158.0,5.381175510324686e-87,1.0762351020649372e-86,True
ResidencialMedioPadraoHor,3,2,12724,5848,35735191.5,1.3486861056268939e-05,1.6184233267522726e-05,True
UsoTotal,1,0,35757,357524,7025867283.5,1.392072735326826e-210,8.352436411960957e-210,True
UsoTotal,1,3,35757,12724,238770486.0,8.535536478409013e-17,1.0242643774090816e-16,True
UsoTotal,1,2,35757,5848,91407169.0,8.802070101939925e-54,1.3203105152909888e-53,True
UsoTotal,0,3,357524,12724,2191362441.0,2.1634141292951183e-12,2.1634141292951183e-12,True
UsoTotal,0,2,357524,5848,801473835.0,2.0777699386239833e-206,6.233309815871951e-206,True
UsoTotal,3,2,12724,5848,31206195.5,6.224978461429497e-70,1.2449956922858995e-69,True
OrigemMotivoOutros,1,0,35757,357524,4595377303.0,0.0,0.0,True
OrigemMotivoOutros,1,3,35757,12724,199069360.5,1.532219850523431e-97,2.2983297757851467e-97,True
OrigemMotivoOutros,1,2,35757,5848,111090300.5,1.6269817400090793e-14,1.6269817400090793e-14,True
OrigemMotivoOutros,0,3,357524,12724,2634910535.5,3.4200043026357326e-203,6.840008605271465e-203,True
OrigemMotivoOutros,0,2,357524,5848,1404873145.5,0.0,0.0,True
OrigemMotivoOutros,3,2,12724,5848,44153310.5,3.5411408215536577e-93,4.249368985864389e-93,True
ResidencialMedioPadraoVert_pct,1,0,35757,357524,7927025639.5,0.0,0.0,True
ResidencialMedioPadraoVert_pct,1,3,35757,12724,237209108.5,5.883806725241488e-17,5.883806725241488e-17,True
ResidencialMedioPadraoVert_pct,1,2,35757,5848,88891922.5,1.135240405681488e-97,1.3622884868177855e-97,True
ResidencialMedioPadraoVert_pct,0,3,357524,12724,1827032506.5,0.0,0.0,True
ResidencialMedioPadraoVert_pct,0,2,357524,5848,647986403.5,0.0,0.0,True
ResidencialMedioPadraoVert_pct,3,2,12724,5848,30118678.0,1.8269661962728137e-126,2.7404492944092208e-126,True
Caminhada,1,0,35757,357524,3329850065.0,0.0,0.0,True
Caminhada,1,3,35757,12724,217141832.0,2.3529437266876537e-14,2.3529437266876537e-14,True
Caminhada,1,2,35757,5848,115738787.0,2.0342220396719e-39,2.44106644760628e-39,True
Caminhada,0,3,357524,12724,3295492255.0,0.0,0.0,True
Caminhada,0,2,357524,5848,1645159652.0,0.0,0.0,True
Caminhada,3,2,12724,5848,42975091.5,7.70937027929776e-65,1.1564055418946642e-64,True
DestinoMotivoTrabalhoComercioServico,1,0,35757,357524,6624170480.5,8.037620883077835e-30,1.2056431324616753e-29,True
DestinoMotivoTrabalhoComercioServico,1,3,35757,12724,285895627.0,0.0,0.0,True
DestinoMotivoTrabalhoComercioServico,1,2,35757,5848,106305034.0,0.03967555513118459,0.04761066615742151,True
DestinoMotivoTrabalhoComercioServico,0,3,357524,12724,2952167203.5,0.0,0.0,True
DestinoMotivoTrabalhoComercioServico,0,2,357524,5848,1047636220.0,0.778694161926237,0.778694161926237,False
DestinoMotivoTrabalhoComercioServico,3,2,12724,5848,30173366.5,2.2358833747511498e-95,4.4717667495022996e-95,True
DistanciaAceleradoraIncubadora,1,0,35757,357523,3461718171.0,0.0,0.0,True
DistanciaAceleradoraIncubadora,1,3,35757,12724,441668530.5,0.0,0.0,True
DistanciaAceleradoraIncubadora,1,2,35757,5848,137644482.5,0.0,0.0,True
DistanciaAceleradoraIncubadora,0,3,357523,12724,4512065407.5,0.0,0.0,True
DistanciaAceleradoraIncubadora,0,2,357523,5848,1796758223.5,0.0,0.0,True
DistanciaAceleradoraIncubadora,3,2,12724,5848,0.0,0.0,0.0,True
DeslocamentoVeiculoIndividual,1,0,35757,357524,5630865347.0,1.2089656287064564e-302,1.8134484430596846e-302,True
DeslocamentoVeiculoIndividual,1,3,35757,12724,325802570.5,0.0,0.0,True
DeslocamentoVeiculoIndividual,1,2,35757,5848,106071617.5,0.07459002097504643,0.07459002097504643,False
DeslocamentoVeiculoIndividual,0,3,357524,12724,3573013323.0,0.0,0.0,True
DeslocamentoVeiculoIndividual,0,2,357524,5848,1175068473.0,1.0461966086283918e-59,1.2554359303540702e-59,True
DeslocamentoVeiculoIndividual,3,2,12724,5848,23189008.5,0.0,0.0,True
cr_2_pct,1,0,35757,357523,7967974167.5,0.0,0.0,True
cr_2_pct,1,3,35757,12416,184557861.0,1.794227726496403e-180,2.691341589744605e-180,True
cr_2_pct,1,2,35757,5848,104275908.5,0.7383955040675544,0.7383955040675544,False
cr_2_pct,0,3,357523,12416,1389093099.5,0.0,0.0,True
cr_2_pct,0,2,357523,5848,779928801.0,9.441291492520936e-290,1.8882582985041871e-289,True
cr_2_pct,3,2,12416,5848,42384868.5,2.933300179740127e-77,3.5199602156881526e-77,True
OrigemMotivoResidencia,1,0,35757,357524,5042221140.0,0.0,0.0,True
OrigemMotivoResidencia,1,3,35757,12724,280745971.0,0.0,0.0,True
OrigemMotivoResidencia,1,2,35757,5848,111042687.0,2.513150311212807e-14,2.513150311212807e-14,True
OrigemMotivoResidencia,0,3,357524,12724,3353225778.5,0.0,0.0,True
OrigemMotivoResidencia,0,2,357524,5848,1314937038.0,1.5650365026035022e-251,2.3475547539052532e-251,True
OrigemMotivoResidencia,3,2,12724,5848,31790446.5,2.5938970356819905e-57,3.1126764428183884e-57,True
ResidencialMedioPadraoHor_pct,1,0,35757,357524,5348791465.5,0.0,0.0,True
ResidencialMedioPadraoHor_pct,1,3,35757,12724,231409511.5,0.0036385598848029384,0.0036385598848029384,True
ResidencialMedioPadraoHor_pct,1,2,35757,5848,116513581.5,3.5569102757580253e-45,5.335365413637038e-45,True
ResidencialMedioPadraoHor_pct,0,3,357524,12724,2654508361.5,4.292532605633953e-226,8.585065211267906e-226,True
ResidencialMedioPadraoHor_pct,0,2,357524,5848,1359577450.5,0.0,0.0,True
ResidencialMedioPadraoHor_pct,3,2,12724,5848,40332081.0,1.8120411000499656e-20,2.1744493200599587e-20,True
