variavel,cluster,n,missings,media,mediana,desvio_padrao,p25,p75,minimo,maximo,coef_var,shapiro_p
18a29anos,__GERAL__,402350,9503,422.2775891636635,81.0,1239.832718552012,27.0,342.0,0.0,15133.0,2.936060900147571,0.0
1Baldeacao,__GERAL__,411853,0,8882.670243381925,7204.95957,6748.6837388236245,4729.87338,11163.672867,0.0,58818.88557,0.7597584458177723,0.0
2a5SalariosMinimos,__GERAL__,402350,9503,352.4969181061265,69.5,1007.6868021998666,24.0,257.0,0.0,12151.0,2.8587109572869562,0.0
30a39anos,__GERAL__,402350,9503,542.3500571641606,114.0,1484.9647289079658,38.0,486.0,0.0,17944.0,2.738018940520718,0.0
40a49anos,__GERAL__,402350,9503,292.1502050453585,69.0,646.3649447408835,25.0,291.0,0.0,6863.0,2.212440496629227,0.0
50a64anos,__GERAL__,402350,9503,166.04648191872747,32.0,390.096618999559,11.0,141.0,0.0,3809.0,2.349321795269919,0.0
5a10SalariosMinimos,__GERAL__,402350,9503,435.429346340251,65.0,1258.410355989633,21.0,323.0,0.0,14255.0,2.890044886883422,0.0
AreaConstruida,__GERAL__,411853,0,2605.384101851874,128.0,22667.55219349945,92.0,719.0,0.0,7878330.0,8.700272707347695,0.0
AreaOcupada,__GERAL__,411853,0,50808.26501611118,5315.0,1045593.8995293245,2629.0,15894.0,0.0,427994733.9423792,20.57920889835087,0.0
AreadaQuadra,__GERAL__,411853,0,439477.9832839556,13088.0,5606283.567966991,6452.0,43200.0,43.0,1243596224.0,12.756688119105748,0.0
Ate2SalariosMinimos,__GERAL__,402350,9503,110.66749099043122,20.0,283.20425588133236,3.0,94.0,0.0,3199.0,2.5590555396780377,0.0
Brasileira,__GERAL__,402350,9503,1423.291150739406,292.0,3597.3270899741415,107.0,1343.0,3.0,41891.0,2.5274709872996217,0.0
CA,__GERAL__,411853,0,0.1668450200816843,0.0129210435468757,0.37614225644633237,0.0027099053778895,0.0645906280265216,0.0,14.53622828784119,2.254441015153943,0.0
Caminhada,__GERAL__,411853,0,31786.19541381175,25034.123425,25344.725792329933,15375.97265,42789.96183,0.0,213117.04474,0.7973500905779095,0.0
ComercioServicos,__GERAL__,411853,0,8.691853646810877,1.0,84.72404391093714,0.0,4.0,0.0,4042.0,9.747523066270587,0.0
ComercioServicos_pct,__GERAL__,411853,0,0.08590829737794795,0.03,0.1689088138864522,0.0,0.09,0.0,1.0,1.9661525026313689,0.0
ConcentracaoAreaVerde,__GERAL__,411853,0,1.4368451850538906,0.0,59.450736118352935,0.0,0.0,0.0,13272.0,41.375881505371204,0.0
ConcentracaoBOs,__GERAL__,411853,0,552282.290496852,1682.0,24075292.143238217,361.0,9576.0,0.0,5448059232.0,43.592366725319515,0.0
ConcentracaoIES,__GERAL__,411853,0,9.74742687318048,0.0,676.767845624809,0.0,0.0,0.0,140640.0,69.43041014104956,0.0
ConcentracaoPatrimonioHistorico,__GERAL__,411853,0,59.12462699069814,0.0,4371.2341865923145,0.0,0.0,0.0,1245024.0,73.93254569335421,0.0
DeslocamentoBicicleta,__GERAL__,411853,0,602.1349843348842,169.94125,1107.443674664457,0.0,715.86592,0.0,7707.1748,1.839195036786867,0.0
DeslocamentoCaminhada,__GERAL__,411853,0,29355.16376850484,22762.88918,26007.770574770417,11395.44483168534,39859.41449,0.0,213117.04474,0.885969186882008,0.0
DeslocamentoTansporteColetivo,__GERAL__,411853,0,31713.94642628809,27751.914537832472,20254.279770540354,18265.87506,39875.617228,0.0,136319.80418,0.6386552937401485,0.0
DeslocamentoVeiculoIndividual,__GERAL__,411853,0,23618.785152771026,21260.90578,13471.660839787686,13239.270252,31510.918943,77.559743,78098.4889,0.5703790754964868,1.9997521205227882e-38
DestinoMotivoEducacao,__GERAL__,411853,0,15496.018668525627,13018.988412,11936.758361937069,6981.995704,21406.12581,0.0,85235.99185,0.7703113049406771,0.0
DestinoMotivoOutros,__GERAL__,411853,0,11381.520396963246,10051.29652,7684.479637856585,6046.656305,14697.85765,0.0,55289.33648,0.6751716264469302,0.0
DestinoMotivoResidencia,__GERAL__,411853,0,43935.22076346931,36752.09929,33165.038276314524,19459.59907,57487.23631,0.0,216801.5237,0.7548622198773646,0.0
DestinoMotivoTrabalhoComercioServico,__GERAL__,411853,0,14648.389523736792,12281.658697,10619.707383173978,7929.62636,19155.79716,0.0,123277.516297,0.7249743984460142,0.0
DestinoMotivotrabalhoindustria,__GERAL__,411853,0,2113.7179413317735,1488.062718,2270.826028772537,571.9603293200776,2922.346477,0.0,19957.81394,1.0743278392867195,0.0
DistanciaAceleradoraIncubadora,__GERAL__,411852,1,1678.3703178544336,1294.756860607765,1505.6784534928095,665.034817730454,2261.29370404681,0.0,21269.3921119013,0.8971074127535889,0.0
DistanciaAreasVerdes,__GERAL__,411853,0,1486.8187674737005,1313.40645282459,984.4018381257258,786.023604635121,1969.59155966047,0.0,9418.06100176904,0.662085964786652,1.3620621073237222e-42
DistanciaPatrimonioHistorico,__GERAL__,411853,0,1730.076505465686,1373.09864685631,1416.2041188669225,580.411247642773,2614.70140311185,0.0,8124.5227424323,0.8185788977497973,0.0
DistanciaStartup,__GERAL__,411852,1,5306.61233821052,3825.59440849362,4865.831515131169,1538.73149916679,7858.61698915513,0.0,27906.75936871,0.9169374367323788,0.0
DistanciaTransportePublico,__GERAL__,410461,1392,2285.641427866601,1846.29750615277,1843.2846050375842,929.225432875045,3086.20185195316,2.59139542222529,26703.7282733093,0.8064627209518559,0.0
EmpresaGrandePorte,__GERAL__,402350,9503,763.0595774822915,119.0,1805.7992786449606,14.0,702.0,0.0,15883.0,2.36652462262931,0.0
EmpresaMedioPorte,__GERAL__,402350,9503,573.4847023735554,142.0,1808.6989458291905,58.0,479.0,0.0,23636.0,3.153874790980987,0.0
EmpresaPequenoPorte,__GERAL__,402350,9503,105.83545669193488,34.0,244.95577488103208,13.0,95.0,0.0,2879.0,2.314496318507395,0.0
EnsinoMedioCompleto,__GERAL__,402350,9503,124.5723052069094,43.0,233.98465948770348,10.0,139.0,0.0,2397.0,1.8783040026357762,0.0
EnsinoSuperiorCompleto,__GERAL__,402350,9503,1193.253233503169,187.0,3292.928347339253,39.0,960.5,0.0,38075.0,2.759622396054046,0.0
Estrangeira,__GERAL__,402350,9503,19.16808127252392,4.0,47.10091127305883,1.0,19.5,0.0,538.0,2.4572574898550035,0.0
Feminino,__GERAL__,402350,9503,471.3465067727103,107.0,1159.4310519996334,37.0,463.0,0.0,12926.0,2.4598273994607682,0.0
FracaoIdeal,__GERAL__,411853,0,0.9860833449070422,1.0,0.1141214444158181,1.0,1.0,0.0001,1.7675,0.11573204740272365,0.0
Maisde10SalariosMinimos,__GERAL__,402350,9503,516.439720392693,104.0,1185.9409916132745,22.0,508.0,0.0,11857.0,2.2963783473345214,0.0
Maisde2Baldeacoes,__GERAL__,411853,0,3000.6690693884416,2033.5241145,3003.890098512016,1015.68925,3966.69015,0.0,19324.069189,1.0010734369732517,0.0
Maisde65anos,__GERAL__,402350,9503,19.01928544799304,2.5,53.32199963590254,0.0,14.0,0.0,532.0,2.8035753383957545,0.0
Masculino,__GERAL__,402350,9503,971.1113731825525,204.0,2507.2608870646613,64.0,874.0,1.0,29472.0,2.5818468986186396,0.0
MestradoDoutoradoCompleto,__GERAL__,402350,9503,67.30305703989065,0.0,207.61074684233748,0.0,19.0,0.0,1914.0,3.084714959073645,0.0
NaoMapeado,__GERAL__,411853,0,2368.5968414188646,30.56004,5200.601175974153,0.0,1069.84119,0.0,30587.547471454032,2.1956464202911072,0.0
Numero_Viagens,__GERAL__,411853,0,83325.95815723958,76244.56581,48132.591949994014,50509.300136,105693.62869,0.0,295851.54049,0.5776422259575557,4.15967041344036e-40
NumerodePavimentos,__GERAL__,411853,0,1.7242025223767963,1.0,2.505250410214428,1.0,2.0,0.0,49.0,1.4529908045610354,0.0
OrigemMotivoEducacao,__GERAL__,411853,0,17005.975579908383,13466.939685,14308.859853942804,6674.3157200000005,22651.347162,0.0,98799.5366,0.8414018817507846,0.0
OrigemMotivoOutros,__GERAL__,411853,0,13147.473948041126,11823.67111,7611.975618563506,7756.45482,16815.50318,0.0,43675.88401,0.5789686785953002,1.1532686361393244e-42
OrigemMotivoResidencia,__GERAL__,411853,0,35896.45343648728,32821.95075914513,20558.40960669082,20750.393711,47362.90177,228.18731,139980.573,0.5727142276900825,7.563329094989767e-39
OrigemMotivoTrabalhoComercioServico,__GERAL__,411853,0,18908.985018100342,16202.372465,12786.12642633871,9624.95094,24881.64005,0.0,77320.56975,0.676193165000627,0.0
OrigemMotivotrabalhoindustria,__GERAL__,411853,0,2672.87471299354,2089.240989,2474.6556289073505,863.257139,3695.90026,0.0,17154.094326,0.9258404880997246,0.0
OutrosUsos,__GERAL__,411853,0,61.57461764270261,1.0,2083.122735432649,0.0,5.0,0.0,839091.0,33.83086757469335,0.0
OutrosUsos_pct,__GERAL__,411853,0,0.13271157427528754,0.03,0.22811535424010418,0.0,0.14,0.0,1.0,1.7188806288057268,0.0
ResidencialAltoPadraoHor,__GERAL__,411853,0,0.9775016814251687,0.0,3.5115919548824968,0.0,0.0,0.0,247.0,3.592415257805694,0.0
ResidencialAltoPadraoHor_pct,__GERAL__,411853,0,0.02296416439846256,0.0,0.0864485817906181,0.0,0.0,0.0,1.0,3.764499343002691,0.0
ResidencialAltoPadraoVert,__GERAL__,411853,0,1.04956622872724,0.0,11.961747739382018,0.0,0.0,0.0,722.0,11.39684891908867,0.0
ResidencialAltoPadraoVert_pct,__GERAL__,411853,0,0.005047966143259852,0.0,0.051515968725695936,0.0,0.0,0.0,1.0,10.2052920450905,0.0
ResidencialMedioPadraoHor,__GERAL__,411853,0,25.86160596135029,18.0,34.37478029562663,6.0,33.0,0.0,807.0,1.3291819675467613,0.0
ResidencialMedioPadraoHor_pct,__GERAL__,411853,0,0.4297842191267272,0.45,0.30736323583883207,0.12,0.69,0.0,1.0,0.7151571001451829,5.184804318001823e-44
ResidencialMedioPadraoVert,__GERAL__,411853,0,26.47909326871481,0.0,116.60914987602901,0.0,0.0,0.0,4141.0,4.403819598075262,0.0
ResidencialMedioPadraoVert_pct,__GERAL__,411853,0,0.07700922416493267,0.0,0.21540180097977313,0.0,0.0,0.0,1.0,2.797090911063348,0.0
ResidencialPopularHor,__GERAL__,411853,0,9.908615452600806,3.0,20.888200695936394,0.0,11.0,0.0,373.0,2.1080847062698025,0.0
ResidencialPopularHor_pct,__GERAL__,411853,0,0.1563796548768614,0.07,0.202686503432728,0.0,0.24,0.0,1.0,1.2961181145484058,0.0
ResidencialPopularVert,__GERAL__,411853,0,5.6832971958441485,0.0,53.96825470609815,0.0,0.0,0.0,3000.0,9.495940973412734,0.0
ResidencialPopularVert_pct,__GERAL__,411853,0,0.017364666519364913,0.0,0.10850781740191683,0.0,0.0,0.0,1.0,6.248770587152361,0.0
SemBaldeacao,__GERAL__,411853,0,43980.30118083899,41218.49230434736,23068.837250887766,27229.77817371144,57691.45097,413.0211383633964,124618.938,0.5245265864831827,6.824758570400963e-33
TO,__GERAL__,411853,0,0.4233356537540263,0.4426208651399491,0.1891636160737582,0.3069587921443977,0.551006635923968,0.0,1.7666666666666666,0.44684073830376986,1.059622895897468e-23
TempoMediodeViagem,__GERAL__,411853,0,9669.731585500727,9620.0,7508.799986352547,5399.0,12952.0,14.714739782714988,50995.0,0.7765262065403773,0.0
Terreno,__GERAL__,411853,0,6.265033883448706,1.0,34.723816399887205,0.0,4.0,0.0,540.0,5.542478627549389,0.0
Terreno_pct,__GERAL__,411853,0,0.07249722595197801,0.02,0.1501647788157077,0.0,0.07,0.0,1.0,2.071317582760704,0.0
UsoTotal,__GERAL__,411853,0,146.49118496162467,42.0,2113.836866165355,24.0,83.0,0.0,840241.0,14.429788841691074,0.0
ValorConstrucaoM2,__GERAL__,411853,0,771.9722081394868,480.0,730.5408290546509,205.45,1332.0,0.0,4360.0,0.9463304784187907,0.0
ValorTerrenoM2,__GERAL__,411853,0,644.7000115864415,234.0,1269.0598113927952,57.07,742.0,1.63,34383.0,1.9684501141390771,0.0
concentracaoStartups,__GERAL__,411853,0,1.544638499658859,0.0,102.94158870503409,0.0,0.0,0.0,32000.0,66.64445352603165,0.0
cont_aceleradora,__GERAL__,411853,0,2.47306927471695,0.0,237.06870315634734,0.0,0.0,0.0,40824.0,95.86011422323807,0.0
cr_1_pct,__GERAL__,411544,309,0.010219782088913942,0.0,0.06604648844618959,0.0,0.0,0.0,1.0,6.462612203623644,0.0
cr_2_pct,__GERAL__,411544,309,0.0889073100324631,0.0,0.1957248761795976,0.0,0.06,0.0,1.0,2.2014486335052963,0.0
cr_3_pct,__GERAL__,411544,309,0.1534758130357872,0.09,0.18976967932045727,0.0,0.25,0.0,1.0,1.2364793876427105,0.0
cr_4_pct,__GERAL__,411544,309,0.7454361623544505,0.82,0.26014911124601087,0.62,0.95,0.0,1.0,0.3489891212472618,0.0
cr_5_pct,__GERAL__,411544,309,0.0019623661139513628,0.0,0.02464156084040819,0.0,0.0,0.0,1.0,12.557066015979387,0.0
densidade_hec,__GERAL__,410485,1368,136.70483189442967,122.0,102.58494406279645,70.0767645895322,179.0,0.0,2595.0,0.7504119835502061,0.0
18a29anos,0,357524,0,391.7866367013124,71.0,1248.9455541618954,25.0,277.0,0.0,15133.0,3.1878207094492046,0.0
1Baldeacao,0,357524,0,9178.106530390389,7400.28715,6725.089303945788,5083.435187,11229.82416,0.0,58818.88557,0.7327316676569168,0.0
2a5SalariosMinimos,0,357524,0,316.1957337129815,61.25,1010.771788109563,21.0,187.0,0.0,12151.0,3.1966648513577507,0.0
30a39anos,0,357524,0,501.9111164565176,102.0,1498.573915835006,34.0,408.0,0.0,17944.0,2.9857356545814477,0.0
40a49anos,0,357524,0,271.95288148487936,59.0,647.7348289292023,23.0,237.0,0.0,6863.0,2.3817906447342296,0.0
50a64anos,0,357524,0,150.7214312885289,27.5,383.02075451550877,10.0,120.0,0.0,3809.0,2.5412494509973493,0.0
5a10SalariosMinimos,0,357524,0,396.70877060001567,54.0,1254.6164138057945,20.0,257.0,0.0,14255.0,3.1625628339605583,0.0
AreaConstruida,0,357524,0,1917.9828011546078,120.0,21138.155109189738,89.0,259.0,0.0,7878330.0,11.021034754047202,0.0
AreaOcupada,0,357524,0,51834.924923769126,5134.0,1095311.1275742028,2543.0,15644.25,0.0,427994733.9423792,21.130755551108038,0.0
AreadaQuadra,0,357524,0,486089.76512014755,13071.0,5845041.55965288,6378.0,44916.0,47.0,1243596224.0,12.02461351599977,0.0
Ate2SalariosMinimos,0,357524,0,95.95973557019948,15.0,274.9262979905301,3.0,61.0,0.0,3199.0,2.865017252881104,0.0
Brasileira,0,357524,0,1313.8298757565926,269.0,3615.2582960587183,93.0,1053.0,3.0,41891.0,2.7516943881161224,0.0
CA,0,357524,0,0.1363711829581645,0.011168958568872251,0.3207414088147342,0.0022614201718679,0.0348201792378721,0.0,12.353725490196078,2.3519735024453823,0.0
Caminhada,0,357524,0,34020.0177768582,27768.47725,26003.66911741047,16968.113494,44454.403549,0.0,213117.04474,0.7643637721758989,0.0
ComercioServicos,0,357524,0,6.675839943612177,1.0,84.16317154411563,0.0,4.0,0.0,3721.0,12.607128429531588,0.0
ComercioServicos_pct,0,357524,0,0.07614778308589075,0.02,0.1546352995098476,0.0,0.08,0.0,1.0,2.030726217405791,0.0
ConcentracaoAreaVerde,0,357524,0,1.5483100435215538,0.0,60.83364526722107,0.0,0.0,0.0,13272.0,39.29035112945337,0.0
ConcentracaoBOs,0,357524,0,462176.11145265773,1620.0,12392403.08609133,368.0,9118.5,1.0,2414606950.0,26.81316229681578,0.0
ConcentracaoIES,0,357524,0,7.295359192669583,0.0,612.3962112711613,0.0,0.0,0.0,140640.0,83.94325695251584,0.0
ConcentracaoPatrimonioHistorico,0,357524,0,57.559375034962684,0.0,4667.127897587802,0.0,0.0,0.0,1245024.0,81.08371389982776,0.0
DeslocamentoBicicleta,0,357524,0,620.5850746928578,171.69282,1141.004932003747,0.0,742.163808,0.0,7707.1748,1.8385955101618536,0.0
DeslocamentoCaminhada,0,357524,0,31736.11947394506,24593.91052,26678.43112234009,13783.49099,42789.96183,0.0,213117.04474,0.8406330567365912,0.0
DeslocamentoTansporteColetivo,0,357524,0,33118.59655936907,28800.29799,20166.237072928267,20205.59034,41797.47237,0.0,136319.80418,0.6089097717887247,0.0
DeslocamentoVeiculoIndividual,0,357524,0,24188.370628858247,21802.34495,13287.792721721942,14009.6012,31945.04344,77.559743,78098.4889,0.5493463336413726,1.0186469016065336e-37
DestinoMotivoEducacao,0,357524,0,16617.267582421708,14044.714819093404,12061.122931011389,8003.11163,22549.42349,0.0,85235.99185,0.7258186624959955,0.0
DestinoMotivoOutros,0,357524,0,11343.689022215145,10096.295341430658,7585.737673662995,6105.5591765,14625.45521,0.0,55289.33648,0.6687187614899625,0.0
DestinoMotivoResidencia,0,357524,0,47380.29312644474,41007.84389,33644.89845362945,23021.619214365004,61796.959349,0.0,216801.5237,0.7101032145124269,0.0
DestinoMotivoTrabalhoComercioServico,0,357524,0,14316.87251983112,12522.320027,9139.298928187636,8174.23593,18931.817547036502,0.0,123277.516297,0.6383586160684374,0.0
DestinoMotivotrabalhoindustria,0,357524,0,2169.17008110126,1566.7488939999998,2268.7112715710277,633.6995,2989.519487,0.0,19957.81394,1.045889066669789,0.0
DistanciaAceleradoraIncubadora,0,357523,1,1835.1096849638452,1466.32350005699,1536.4971643584208,795.298559483071,2409.98155555839,2.3466050689061,21269.3921119013,0.837278107650929,0.0
DistanciaAreasVerdes,0,357524,0,1536.0448367888537,1350.29744536923,981.9155221457676,830.008713542198,2012.6074944802774,0.0058957256363482,9418.06100176904,0.6392492579829183,0.0
DistanciaPatrimonioHistorico,0,357524,0,1888.0579337806616,1579.01705968173,1410.666725402996,739.886718866838,2824.28981265813,0.0,8124.5227424323,0.7471522457884893,5.423025056937042e-43
DistanciaStartup,0,357523,1,6050.302663618027,4667.32745256778,4803.11482690312,2299.66566703727,8579.88042749366,0.0,27906.75936871,0.7938635625264573,0.0
DistanciaTransportePublico,0,356806,718,2446.203141462875,2020.16087592,1873.3322708445337,1100.98169179793,3271.63356818457,2.59139542222529,26703.7282733093,0.7658122251139969,0.0
EmpresaGrandePorte,0,357524,0,694.1743071793782,96.0,1754.348103963149,12.0,596.5,0.0,15883.0,2.527244361854229,0.0
EmpresaMedioPorte,0,357524,0,540.6001163558251,129.0,1868.6009946017446,55.0,414.0,0.0,23636.0,3.456530877569816,0.0
EmpresaPequenoPorte,0,357524,0,97.65228907709692,33.0,247.38775528771717,12.0,88.0,0.0,2879.0,2.533353366580106,0.0
EnsinoMedioCompleto,0,357524,0,114.46543029279154,39.0,225.75008305460167,8.0,124.0,0.0,2397.0,1.9722118938194242,0.0
EnsinoSuperiorCompleto,0,357524,0,1098.605641859008,147.0,3315.067049110524,26.0,832.0,0.0,38075.0,3.017522323570927,0.0
Estrangeira,0,357524,0,18.68431629764715,4.0,48.56489454544651,1.0,17.0,0.0,538.0,2.599233162819135,0.0
Feminino,0,357524,0,434.619747205782,92.0,1157.932573592134,34.0,352.0,0.0,12926.0,2.664242895166659,0.0
FracaoIdeal,0,357524,0,0.9933704453407325,1.0,0.07910723485756707,1.0,1.0,0.0001,1.7675,0.0796351806404234,0.0
Maisde10SalariosMinimos,0,357524,0,498.4044959219521,88.0,1209.309460605658,20.0,489.0,0.0,11857.0,2.4263614604211563,0.0
Maisde2Baldeacoes,0,357524,0,3097.5638527225556,2095.981452,3034.302869430703,1122.263548,4034.719871,0.0,19324.069189,0.9795771818436446,0.0
Maisde65anos,0,357524,0,15.518051934974995,2.0,45.69950570519855,0.0,11.0,0.0,532.0,2.9449254259936968,0.0
Masculino,0,357524,0,897.8897206900796,179.0,2526.8002110952557,60.0,705.0,1.0,29472.0,2.8141542918580975,0.0
MestradoDoutoradoCompleto,0,357524,0,56.20954257616272,0.0,202.4583674754777,0.0,7.0,0.0,1914.0,3.6018504722957134,0.0
NaoMapeado,0,357524,0,2235.3619166127796,0.0,5264.84754964029,0.0,709.660471,0.0,30587.547471454032,2.355255097849237,0.0
Numero_Viagens,0,357524,0,86275.78051477384,79645.33547150587,48654.64403223032,54149.26248353841,110313.432004,0.0,295851.54049,0.5639432496805834,3.307784643217231e-39
NumerodePavimentos,0,357524,0,1.4692324177282519,1.0,1.7921181180692158,1.0,2.0,0.0,39.0,1.2197648897784426,0.0
OrigemMotivoEducacao,0,357524,0,18487.014267689217,14811.998958,14585.24581232082,7945.185955000001,24545.76953,0.0,98799.5366,0.7889454511760866,0.0
OrigemMotivoOutros,0,357524,0,13567.49021936075,12053.2229001305,7683.588389458324,8089.525028,17516.92715,0.0,43675.88401,0.5663234883703012,6.109661304456202e-42
OrigemMotivoResidencia,0,357524,0,36927.41534103587,33680.46586,19985.51335338969,22179.791206921465,48242.641619,228.18731,139980.573,0.5412107283658338,3.7926142936951174e-41
OrigemMotivoTrabalhoComercioServico,0,357524,0,19995.694824129198,17247.868105,12947.263183476038,10824.972556429086,25903.59589,0.0,77320.56975,0.6475025397893311,0.0
OrigemMotivotrabalhoindustria,0,357524,0,2891.4875663797834,2299.6833,2542.3041061491263,1032.34844,3840.186283,0.0,17154.094326,0.8792374332538307,0.0
OutrosUsos,0,357524,0,67.7912140164017,1.0,2224.483726019669,0.0,6.0,0.0,839091.0,32.81374671180056,0.0
OutrosUsos_pct,0,357524,0,0.13546959085264204,0.03,0.22969691897586242,0.0,0.14,0.0,1.0,1.695560734554198,0.0
ResidencialAltoPadraoHor,0,357524,0,0.8316336805361318,0.0,3.236850413283108,0.0,0.0,0.0,108.0,3.8921588784095396,0.0
ResidencialAltoPadraoHor_pct,0,357524,0,0.018952769604278313,0.0,0.07724891302368053,0.0,0.0,0.0,1.0,4.075864089343582,0.0
ResidencialAltoPadraoVert,0,357524,0,0.571055369709446,0.0,8.919352754535238,0.0,0.0,0.0,722.0,15.619068180855072,0.0
ResidencialAltoPadraoVert_pct,0,357524,0,0.002735284903950504,0.0,0.037302609769511705,0.0,0.0,0.0,1.0,13.637559186480528,0.0
ResidencialMedioPadraoHor,0,357524,0,26.66962497622537,19.0,35.50343841236637,7.0,34.0,0.0,807.0,1.3312312581828916,0.0
ResidencialMedioPadraoHor_pct,0,357524,0,0.4425636600619818,0.47,0.3018996685448624,0.16,0.7,0.0,1.0,0.6821609991714657,1.0476667838678062e-40
ResidencialMedioPadraoVert,0,357524,0,20.194960338326936,0.0,102.40535803218607,0.0,0.0,0.0,4141.0,5.070837293888437,0.0
ResidencialMedioPadraoVert_pct,0,357524,0,0.05823334936955282,0.0,0.18734841004055977,0.0,0.0,0.0,1.0,3.217201347146185,0.0
ResidencialPopularHor,0,357524,0,10.982977366554413,4.0,22.008950711954615,0.0,12.0,0.0,373.0,2.003914783524613,0.0
ResidencialPopularHor_pct,0,357524,0,0.17187064364909768,0.09,0.2073665751362969,0.0,0.27,0.0,1.0,1.2065270178406384,0.0
ResidencialPopularVert,0,357524,0,5.723006007988275,0.0,55.301691886049404,0.0,0.0,0.0,3000.0,9.663049769449536,0.0
ResidencialPopularVert_pct,0,357524,0,0.016964175831552575,0.0,0.10968062843592867,0.0,0.0,0.0,1.0,6.465426291557756,0.0
SemBaldeacao,0,357524,0,45598.25597949638,42681.98403,22602.115106173944,29022.01371,58291.53076,413.0211383633964,124618.938,0.49567937678004975,7.091925279104158e-31
TO,0,357524,0,0.40989024382363093,0.4291995109960654,0.1868194618330781,0.2926179266234343,0.5376575800021549,0.0,1.7666666666666666,0.45577923516877716,9.116157198142315e-21
TempoMediodeViagem,0,357524,0,9894.733282038864,9901.0,6893.8819632411605,6569.0,12952.0,14.714739782714988,50995.0,0.6967223639827751,3.923635700109488e-44
Terreno,0,357524,0,6.976712052897148,1.0,37.159762455375834,0.0,4.0,0.0,540.0,5.326257150020242,0.0
Terreno_pct,0,357524,0,0.07680046654210626,0.02,0.15131236368374879,0.0,0.08,0.0,1.0,1.970201100286168,0.0
UsoTotal,0,357524,0,146.4170237522516,41.0,2254.97826061777,24.0,78.0,0.0,840241.0,15.401066097569089,0.0
ValorConstrucaoM2,0,357524,0,648.8238804126944,434.77,613.7991833739986,205.45,1016.5,0.0,4360.0,0.9460181751996893,0.0
ValorTerrenoM2,0,357524,0,414.7725834610355,171.0,741.227384991895,45.9,526.0,1.63,21709.0,1.7870693834360614,0.0
concentracaoStartups,0,357524,0,0.46894474217115495,0.0,34.06177471141445,0.0,0.0,0.0,8624.0,72.63494319973124,0.0
cont_aceleradora,0,357524,0,1.2648829169510298,0.0,155.4791692054356,0.0,0.0,0.0,40824.0,122.91981109225068,0.0
cr_1_pct,0,357523,1,0.006669053459497711,0.0,0.0526613696671855,0.0,0.0,0.0,1.0,7.896378397175386,0.0
cr_2_pct,0,357523,1,0.07726465150493815,0.0,0.18239718095167,0.0,0.05,0.0,1.0,2.3606808210351224,0.0
cr_3_pct,0,357523,1,0.15137758969353018,0.1,0.1814859465342648,0.0,0.24,0.0,1.0,1.198895734181593,0.0
cr_4_pct,0,357523,1,0.7632661115508652,0.83,0.2439663257649726,0.65,0.96,0.0,1.0,0.31963468844340837,0.0
cr_5_pct,0,357523,1,0.0014235447789372993,0.0,0.020783592494134757,0.0,0.0,0.0,1.0,14.599886706514472,0.0
densidade_hec,0,356243,1281,140.54007407708207,127.0,101.11277140378778,76.0,182.150810443922,0.0,2595.0,0.7194586459968024,0.0
18a29anos,1,35757,0,593.3009200995609,285.0,1008.7845374978651,64.0,602.0,1.0,6774.0,1.7002915440087005,0.0
1Baldeacao,1,35757,0,7168.14378023666,5736.075615,6380.751839363632,2190.293017,10522.84665,0.0,43097.764745,0.8901539973229957,0.0
2a5SalariosMinimos,1,35757,0,578.4477584808569,276.0,863.4936713417709,75.0,700.0,2.0,4826.0,1.4927772796795222,0.0
30a39anos,1,35757,0,785.77955365383,398.0,1231.5853349870788,89.0,887.0,2.0,6994.0,1.5673420481104112,0.0
40a49anos,1,35757,0,425.72079592807,221.0,602.0847122357642,42.0,507.0,0.0,3627.0,1.4142713205334998,0.0
50a64anos,1,35757,0,274.36507536985766,124.0,426.7600262962391,21.0,348.0,0.0,3371.0,1.5554458807154865,0.0
5a10SalariosMinimos,1,35757,0,679.5778309142266,307.0,1161.1830370600371,60.0,666.0,0.0,6273.0,1.7086829267192452,0.0
AreaConstruida,1,35757,0,5809.979444584277,329.0,24376.960203767496,140.0,6107.0,0.0,2190185.0,4.195705068542071,0.0
AreaOcupada,1,35757,0,51085.16671563372,6776.0,745825.098916609,3654.0,18207.0,0.0,83054761.56521739,14.599641086976472,0.0
AreadaQuadra,1,35757,0,162628.12985229222,13966.0,4377469.462949445,7416.0,37174.0,76.0,529615254.95121706,26.917049755938915,0.0
Ate2SalariosMinimos,1,35757,0,202.60163044998183,82.0,297.5839020245151,27.0,247.0,0.0,1661.0,1.4688129674157901,0.0
Brasileira,1,35757,0,2101.4390748664596,1086.0,3117.061587534974,217.0,2311.0,4.0,17027.0,1.4832985761117317,0.0
CA,1,35757,0,0.3020569751623446,0.0301061007957559,0.5613247625733641,0.008847600088476,0.5691267157350308,0.0,14.53622828784119,1.8583406732179335,0.0
Caminhada,1,35757,0,17131.357293780544,14147.975037,13198.499531250933,7246.206341,22538.86469,232.73212,89001.517041,0.7704292955259642,0.0
ComercioServicos,1,35757,0,17.24453953072126,3.0,72.25136080535246,1.0,10.0,0.0,4042.0,4.189810964603386,0.0
ComercioServicos_pct,1,35757,0,0.14569231199485413,0.06,0.2209375386491583,0.01,0.18,0.0,1.0,1.5164666935683047,0.0
ConcentracaoAreaVerde,1,35757,0,1.042956623877842,0.0,60.85147172783282,0.0,0.0,0.0,4676.0,58.345160608481976,0.0
ConcentracaoBOs,1,35757,0,1503767.0126968147,3432.0,69798295.18336095,950.0,16263.0,1.0,5448059232.0,46.415631274014046,0.0
ConcentracaoIES,1,35757,0,23.835332941801607,0.0,962.6122871557276,0.0,0.0,0.0,82500.0,40.38593836747002,0.0
ConcentracaoPatrimonioHistorico,1,35757,0,80.96683166932348,0.0,1420.1727602058459,0.0,0.0,0.0,77112.0,17.540179489867793,0.0
DeslocamentoBicicleta,1,35757,0,515.2352267780971,215.21044833779428,869.0746453712444,0.0,653.114721,0.0,6570.688950000001,1.6867531570110208,0.0
DeslocamentoCaminhada,1,35757,0,14643.836316349172,10250.554386,13420.317329578653,4940.1023895,20875.57969,128.58935697916127,89001.517041,0.9164481929230173,0.0
DeslocamentoTansporteColetivo,1,35757,0,23502.028692287444,20622.059185,18212.003915411053,9758.409717927632,35336.45702,123.06280457332302,94149.92327,0.7749119939330006,0.0
DeslocamentoVeiculoIndividual,1,35757,0,21985.80816370942,19047.24841,14251.335034120753,11535.66868,31087.79952,369.2587716956286,78098.4889,0.6482061031372288,1.34104263035885e-42
DestinoMotivoEducacao,1,35757,0,9067.020238000594,6493.3019612714925,8292.91427810714,2776.4870981379127,12567.104534,0.0,56639.752648,0.9146239955824611,0.0
DestinoMotivoOutros,1,35757,0,11309.726785190413,9806.414765,8061.994615843024,5624.71218,14772.46333,342.482915,54556.93803,0.712837256723111,0.0
DestinoMotivoResidencia,1,35757,0,23022.755019808355,17073.755924999998,18926.10666007622,9758.16747,30914.022293,0.0,128161.459938,0.8220608977419317,0.0
DestinoMotivoTrabalhoComercioServico,1,35757,0,17546.499742708696,13088.118672,15980.033043807012,6655.065380501736,23531.00155206064,214.5315005272488,123277.516297,0.9107248327659985,0.0
DestinoMotivotrabalhoindustria,1,35757,0,1855.0492313770928,1071.977284,2212.5008126920634,353.55847490839403,2451.93116,0.0,16280.110177,1.1926911562609133,0.0
DistanciaAceleradoraIncubadora,1,35757,0,881.5532071818817,789.457974478117,674.1812295005567,333.756834975386,1125.72748151283,7.6003484839514,5059.5313561919,0.7647652166745051,0.0
DistanciaAreasVerdes,1,35757,0,1432.0239118879388,1246.90387999745,876.7140043416326,808.328121252739,1861.25490051383,0.0058957256363482,5944.50269117359,0.6122202269554272,0.0
DistanciaPatrimonioHistorico,1,35757,0,899.6070065239622,590.802508807189,1006.8830648430524,280.185272555641,1227.58262487517,0.0,6576.46754285849,1.1192476909818652,0.0
DistanciaStartup,1,35757,0,559.0078684573293,563.187895441402,196.20576817405444,397.304041015062,711.106732922543,200.190141327592,999.959463009407,0.35098927804990526,1.7856461702030418e-27
DistanciaTransportePublico,1,35438,319,1226.00209155864,880.3147884391385,1043.103958487867,493.061794602144,1712.46018668315,7.88839148864909,6755.10784688066,0.8508174379716995,0.0
EmpresaGrandePorte,1,35757,0,1210.9417177056241,529.5,2009.7384261714342,36.0,1373.0,0.0,11187.0,1.659649177814514,0.0
EmpresaMedioPorte,1,35757,0,756.8419889811785,395.0,1100.3953138830109,123.0,933.0,4.0,6476.0,1.45393005396583,0.0
EmpresaPequenoPorte,1,35757,0,155.13924546242694,87.0,195.53970208681147,33.0,184.0,0.0,1076.0,1.2604141621545342,0.0
EnsinoMedioCompleto,1,35757,0,190.26573817714015,101.0,257.6731849756681,33.0,252.0,0.0,1380.0,1.354280531241892,0.0
EnsinoSuperiorCompleto,1,35757,0,1778.8785692311994,900.0,2817.174503007615,158.0,1971.0,0.0,15268.0,1.5836800508677493,0.0
Estrangeira,1,35757,0,21.503705568140504,8.0,32.10093432146272,2.0,31.0,0.0,265.0,1.4928094239265848,0.0
Feminino,1,35757,0,700.3392762256342,370.0,1068.0707219443414,87.0,717.0,1.0,5156.0,1.5250761426669321,0.0
FracaoIdeal,1,35757,0,0.9575776743015353,1.0,0.19621640569078333,1.0,1.0,0.001,1.0446,0.20490912743334908,0.0
Maisde10SalariosMinimos,1,35757,0,621.2011354420114,257.0,938.9139400245665,25.0,804.0,0.0,6186.0,1.511449169126983,0.0
Maisde2Baldeacoes,1,35757,0,2347.3127769127204,1575.66914,2422.796186301578,309.11967688283335,3532.56699,0.0,15658.403424,1.0321573716682684,0.0
Maisde65anos,1,35757,0,43.217397992001565,10.0,87.74608274188228,2.0,46.0,0.0,532.0,2.0303416406078365,0.0
Masculino,1,35757,0,1422.6355259110105,725.0,2117.444739833372,148.0,1566.0,3.0,12274.0,1.4883957986902003,0.0
MestradoDoutoradoCompleto,1,35757,0,141.92590262046593,19.0,220.95094389641247,0.0,199.0,0.0,1069.0,1.556804922969368,0.0
NaoMapeado,1,35757,0,2344.5426167168966,178.677009,3971.697370010581,0.0,3358.7418579708137,0.0,25797.93882374566,1.694017989560888,0.0
Numero_Viagens,1,35757,0,63884.3688015779,59197.66630488792,37634.033229340544,33339.078157595104,90098.079238,2760.7724378094254,206277.102853,0.589096111229184,1.7754049090076478e-37
NumerodePavimentos,1,35757,0,3.0788310360269397,2.0,4.3778517661908465,1.0,2.0,0.0,41.0,1.4219201102507466,0.0
OrigemMotivoEducacao,1,35757,0,8055.899157330846,5796.917187,7165.865062498205,3032.37531073221,11025.4611505,0.0,48752.550082,0.8895177214299272,0.0
OrigemMotivoOutros,1,35757,0,10068.850260863455,9144.929785,6169.163481610792,5402.948017893789,13173.926272,212.7091,38730.8737492946,0.6126979070877309,1.336698605119443e-41
OrigemMotivoResidencia,1,35757,0,30933.61250885163,26295.42149037325,22559.298846898408,13869.343077298066,43535.1242745,606.2861702836681,118070.51984,0.7292810964268425,0.0
OrigemMotivoTrabalhoComercioServico,1,35757,0,12576.89820408918,10675.07569,9127.299500836949,5963.148992,17354.731067,183.46766,55899.379736,0.7257194383484277,0.0
OrigemMotivotrabalhoindustria,1,35757,0,1341.2349802942072,864.399309,1304.6483926777832,415.9232828151,1908.168536,0.0,7838.311024,0.97272171681028,0.0
OutrosUsos,1,35757,0,25.597757082529295,2.0,669.3494485631887,0.0,6.0,0.0,65184.0,26.148753830468447,0.0
OutrosUsos_pct,1,35757,0,0.13332606202981234,0.03,0.22609623635727966,0.0,0.14,0.0,1.0,1.6958142535307423,0.0
ResidencialAltoPadraoHor,1,35757,0,2.0736359314260144,0.0,5.212497343352011,0.0,2.0,0.0,247.0,2.5136993743002125,0.0
ResidencialAltoPadraoHor_pct,1,35757,0,0.05313868613138686,0.0,0.13252986049827414,0.0,0.03,0.0,1.0,2.494037209926313,0.0
ResidencialAltoPadraoVert,1,35757,0,3.9832760019017255,0.0,22.205943496894704,0.0,0.0,0.0,475.0,5.574794085645327,0.0
ResidencialAltoPadraoVert_pct,1,35757,0,0.02038118410381184,0.0,0.10462707982313536,0.0,0.0,0.0,1.0,5.133513307677115,0.0
ResidencialMedioPadraoHor,1,35757,0,21.349274267975503,15.0,25.701041666142984,2.0,31.0,0.0,481.0,1.203836783562018,0.0
ResidencialMedioPadraoHor_pct,1,35757,0,0.3538479178902033,0.27,0.3263682834343206,0.02,0.66,0.0,1.0,0.9223405506531497,0.0
ResidencialMedioPadraoVert,1,35757,0,63.59661045389714,0.0,173.13695771821693,0.0,38.0,0.0,3378.0,2.722424300328529,0.0
ResidencialMedioPadraoVert_pct,1,35757,0,0.1955561148865956,0.0,0.31752138621530146,0.0,0.35,0.0,1.0,1.6236842626958221,0.0
ResidencialPopularHor,1,35757,0,2.8190843750873955,0.0,8.065480870751005,0.0,2.0,0.0,237.0,2.861028546015393,0.0
ResidencialPopularHor_pct,1,35757,0,0.04632547473222027,0.0,0.09579109679050785,0.0,0.05,0.0,1.0,2.0677844608008575,0.0
ResidencialPopularVert,1,35757,0,5.554241127611377,0.0,48.03091901449999,0.0,0.0,0.0,1120.0,8.647611421788575,0.0
ResidencialPopularVert_pct,1,35757,0,0.01805800262885589,0.0,0.08818608535379184,0.0,0.0,0.0,1.0,4.883490559076249,0.0
SemBaldeacao,1,35757,0,36316.81648027079,31041.847706,23858.700669993254,18220.1641936096,49035.80984,890.6817963368711,124618.938,0.6569601353399067,3.0758501291929735e-42
TO,1,35757,0,0.5112297723048936,0.5158089939731108,0.16779706699387928,0.4117401330232005,0.6180100900459264,0.0,1.0,0.3282224081695429,3.002034650196235e-17
TempoMediodeViagem,1,35757,0,9664.055806917399,8532.0,10427.8217244758,27.06278107537232,14749.0,14.714739782714988,50995.0,1.0790316128981485,0.0
Terreno,1,35757,0,1.4966020639315378,0.0,5.44542130491456,0.0,1.0,0.0,256.0,3.638523182715363,0.0
Terreno_pct,1,35757,0,0.03268227200268479,0.0,0.09687964262570584,0.0,0.03,0.0,1.0,2.9642872630687167,0.0
UsoTotal,1,35757,0,143.71502083508125,48.0,726.7351629673226,26.0,127.0,0.0,65636.0,5.056779442708917,0.0
ValorConstrucaoM2,1,35757,0,1446.387167247948,1370.0,881.7476940567847,635.0,2040.0,0.0,4360.0,0.6096207945031017,9.172687915983997e-36
ValorTerrenoM2,1,35757,0,1841.1913645377574,1272.0,1951.0317060792634,612.79,2386.0,6.61,20957.0,1.05965721090001,0.0
concentracaoStartups,1,35757,0,1.8562239561484464,0.0,78.68094440599576,0.0,0.0,0.0,5285.0,42.38763547112818,0.0
cont_aceleradora,1,35757,0,12.068126520681265,0.0,543.7143271519141,0.0,0.0,0.0,40824.0,45.05374767327353,0.0
cr_1_pct,1,35757,0,0.034998182174119756,0.0,0.12009189866842963,0.0,0.0,0.0,1.0,3.4313753231799127,0.0
cr_2_pct,1,35757,0,0.1446653802052745,0.04,0.23547735322469476,0.0,0.16,0.0,1.0,1.627738114610155,0.0
cr_3_pct,1,35757,0,0.18555779287971585,0.09,0.2296008028938003,0.0,0.32,0.0,1.0,1.2373546771093276,0.0
cr_4_pct,1,35757,0,0.6295234499538551,0.68,0.30887385169147547,0.42,0.91,0.0,1.0,0.49064709458260264,0.0
cr_5_pct,1,35757,0,0.005273373045837178,0.0,0.0388125184581068,0.0,0.0,0.0,1.0,7.36009345835026,0.0
densidade_hec,1,35693,64,107.99950285754421,85.6038737789591,105.13540476815896,41.1584535331238,141.576704720696,0.0,2595.0,0.9734804511724178,0.0
18a29anos,2,5848,0,769.2093023255813,406.0,1345.847186100592,146.0,655.0,1.0,6774.0,1.749650169377357,0.0
1Baldeacao,2,5848,0,6677.743307880824,4956.2937090000005,7085.204861946221,905.6165577637036,9666.137240875,0.0,43097.764745,1.0610178521813687,0.0
2a5SalariosMinimos,2,5848,0,751.5918262653898,539.0,1026.8675632337436,147.0,843.0,2.0,4826.0,1.3662569593607485,0.0
30a39anos,2,5848,0,1004.1206395348837,580.0,1509.484451983979,154.0,887.0,2.0,6994.0,1.5032899360411351,0.0
40a49anos,2,5848,0,507.94433994528043,336.0,649.9116846941176,108.0,567.0,0.0,3627.0,1.2794939003831227,0.0
50a64anos,2,5848,0,326.1597127222982,192.0,445.4779419594322,55.0,417.0,0.0,2425.0,1.3658276132304696,0.0
5a10SalariosMinimos,2,5848,0,871.0294972640219,383.0,1451.0170293534004,153.0,666.0,2.0,6273.0,1.6658643982909522,0.0
AreaConstruida,2,5848,0,7270.602855677154,429.75,19479.840689972938,150.0,8602.5,0.0,436802.0,2.67926072660706,0.0
AreaOcupada,2,5848,0,32042.569723443237,7864.0,225379.8740100649,4316.0,20359.5,0.0,9141128.0,7.033764019406056,0.0
AreadaQuadra,2,5848,0,68737.72817470101,15855.0,445090.6980624566,8495.75,39732.0,360.0,19538960.0,6.4752023362080315,0.0
Ate2SalariosMinimos,2,5848,0,269.9386114911081,165.0,317.05223135006673,35.0,347.0,0.0,1661.0,1.174534571392765,0.0
Brasileira,2,5848,0,2642.861234610123,1877.0,3730.7846276427854,550.0,2348.0,4.0,17027.0,1.411646051932482,0.0
CA,2,5848,0,0.3026569049690709,0.040200980239096254,0.4759091939963952,0.011638431652025376,0.5329337966317974,0.0,7.641306730980048,1.5724379195810163,0.0
Caminhada,2,5848,0,14576.821088240858,13024.684858,11239.690374482,6419.599809,18939.959414,232.73212,89001.517041,0.771065948223037,0.0
ComercioServicos,2,5848,0,21.43673050615595,4.0,71.32395806024067,1.0,12.0,0.0,1375.0,3.3271845274986633,0.0
ComercioServicos_pct,2,5848,0,0.16042407660738717,0.06,0.2366925295910766,0.01,0.2,0.0,1.0,1.47541774649166,0.0
ConcentracaoAreaVerde,2,5848,0,0.03898768809849521,0.0,0.8030971780077875,0.0,0.0,0.0,24.0,20.59873814469097,0.0
ConcentracaoBOs,2,5848,0,193532.91723666212,3857.0,2843960.5352259683,1329.5,16104.0,6.0,87430000.0,14.694970632557693,0.0
ConcentracaoIES,2,5848,0,0.0,0.0,0.0,0.0,0.0,0.0,0.0,,
ConcentracaoPatrimonioHistorico,2,5848,0,35.635430916552664,0.0,729.3694663849295,0.0,0.0,0.0,31140.0,20.467536034372387,0.0
DeslocamentoBicicleta,2,5848,0,666.4935932359564,295.3205499654,944.2383378006292,41.31143,857.3193200000001,0.0,6112.296082,1.4167253029637807,0.0
DeslocamentoCaminhada,2,5848,0,12422.698926218955,8023.723315,11928.287580197153,3779.9676180128336,17561.829827,138.57538133498738,89001.517041,0.9602009717084656,0.0
DeslocamentoTansporteColetivo,2,5848,0,21201.71067864005,15879.795566277997,19248.38008607116,5626.563471892169,32925.017673,123.06280457332304,94149.92327,0.9078691987558909,0.0
DeslocamentoVeiculoIndividual,2,5848,0,22205.149178599222,19594.08748,15682.933391998908,9397.379557437689,32273.762076,369.2587716956286,67679.57848,0.7062746242260661,9.80908925027372e-45
DestinoMotivoEducacao,2,5848,0,7060.622997603137,4401.156156062399,7571.589299724863,1991.1671165584726,10038.127152,0.0,56639.752648,1.0723684442994879,0.0
DestinoMotivoOutros,2,5848,0,11077.376097901555,9112.1747655,8245.310798575094,5538.524070415757,14436.959655,401.741871,54556.93803,0.7443378942543123,0.0
DestinoMotivoResidencia,2,5848,0,18132.68817156614,14343.919423,13642.96242917203,7754.007306267566,25623.60645,0.0,128161.459938,0.7523960209366835,0.0
DestinoMotivoTrabalhoComercioServico,2,5848,0,20037.664522518295,11015.845654637984,22222.330127810164,4935.634180333775,26868.922391,214.5315005272488,123277.516297,1.1090279559694567,0.0
DestinoMotivotrabalhoindustria,2,5848,0,2087.9887166131343,1012.1344565189728,2842.2171753358894,316.225445283995,2282.554384,0.0,16280.110177,1.3612224782259201,0.0
DistanciaAceleradoraIncubadora,2,5848,0,516.633528711929,510.559318398871,101.73077679919378,427.282640232773,605.57614381766,350.042147366402,699.823044891128,0.1969109071430749,3.4299383526896613e-38
DistanciaAreasVerdes,2,5848,0,1404.766971878505,1289.89707750082,752.783865277974,846.281943489375,1916.15959254028,3.79366317805673,4093.69676849235,0.5358781067235118,1.646931356070557e-32
DistanciaPatrimonioHistorico,2,5848,0,719.8900872393552,517.488703385735,788.46172225972,247.788872093893,963.372486632828,1.76525108178209e-09,6561.35528140701,1.0952529229612318,0.0
DistanciaStartup,2,5848,0,352.981204525458,351.36769602295,85.85916333146771,276.84319754065,427.743703633554,200.068527598337,499.991397847046,0.24324004289943804,1.0471233939545042e-36
DistanciaTransportePublico,2,5810,38,853.6667496447888,668.262391116974,685.0336014358379,460.36310784705,997.2204879330541,10.6029284278582,6460.27557807759,0.8024602126308431,0.0
EmpresaGrandePorte,2,5848,0,1517.1380813953488,702.0,2349.5538605889865,175.5,1373.0,0.0,11187.0,1.5486750279368406,0.0
EmpresaMedioPorte,2,5848,0,956.9859781121751,639.0,1317.6518272441913,197.0,1005.0,4.0,6476.0,1.376876837676863,0.0
EmpresaPequenoPorte,2,5848,0,193.90184678522573,106.0,231.53831332055256,41.0,271.0,0.0,1076.0,1.1941006089385762,0.0
EnsinoMedioCompleto,2,5848,0,220.84738372093022,119.0,300.50202864842515,47.0,279.0,0.0,1380.0,1.36067733103938,0.0
EnsinoSuperiorCompleto,2,5848,0,2250.322417920657,1246.0,3396.009645090665,386.0,1971.0,0.0,15268.0,1.509121367696566,0.0
Estrangeira,2,5848,0,25.16467168262654,14.0,33.45531193334114,5.0,31.0,0.0,265.0,1.3294555301684459,0.0
Feminino,2,5848,0,895.5414671682627,606.0,1284.3681093613463,174.0,735.0,1.0,5156.0,1.434180500231406,0.0
FracaoIdeal,2,5848,0,0.9118417664158687,1.0,0.2750142709315433,1.0,1.0,0.0006,1.02385,0.30160306432609274,0.0
Maisde10SalariosMinimos,2,5848,0,722.8477257181943,404.0,1050.4154977508392,96.0,686.0,0.0,6186.0,1.4531629005364664,0.0
Maisde2Baldeacoes,2,5848,0,2466.133969437081,1403.07887,2998.594566192281,106.039101287825,4327.601521,0.0,15658.403424,1.215909031445173,0.0
Maisde65anos,2,5848,0,60.10670314637483,22.0,105.55674222027484,5.0,75.0,0.0,532.0,1.7561559143115506,0.0
Masculino,2,5848,0,1772.484439124487,1165.0,2520.697628648653,336.0,1578.0,3.0,12274.0,1.4221268029262606,0.0
MestradoDoutoradoCompleto,2,5848,0,191.60721614227086,76.0,241.06381343399406,5.0,380.625,0.0,1069.0,1.258114481737478,0.0
NaoMapeado,2,5848,0,1952.075641455407,354.922025,2823.8206335729233,0.0,3274.843530707038,0.0,13816.017181460287,1.4465733671404097,0.0
Numero_Viagens,2,5848,0,59293.60164022575,54951.844741048495,37254.59513568797,29886.315278,81162.08296,2760.7724378094254,206277.102853,0.6283071715180452,1.3032075718220799e-42
NumerodePavimentos,2,5848,0,4.245592529977765,2.0,5.340417424105466,1.0,3.0,0.0,33.0,1.2578732853888441,0.0
OrigemMotivoEducacao,2,5848,0,5911.543633077926,4512.7945,4854.36767219523,2327.8561354796075,9116.888314,0.0,48722.240068,0.8211675280603041,0.0
OrigemMotivoOutros,2,5848,0,9444.997786840333,8363.052582042954,6056.1070569094645,5436.634766056427,12801.197682172777,212.7091,30477.342263,0.6411972976158244,0.0
OrigemMotivoResidencia,2,5848,0,30365.61352932341,20675.603237,25713.07366345179,10644.08094,43470.299171,606.2861702836681,118070.51984,0.8467826160871486,0.0
OrigemMotivoTrabalhoComercioServico,2,5848,0,11566.55536892054,9411.408717,8962.399144072006,4229.762500001728,17090.208373,183.46766,55899.379736,0.7748546441193779,0.0
OrigemMotivotrabalhoindustria,2,5848,0,1114.2483045173915,782.6176479999999,1152.8338275493409,363.15961188265,1458.729595,0.0,7838.311024,1.0346291960916751,0.0
OutrosUsos,2,5848,0,11.42390560875513,2.0,115.86555029944853,0.0,5.0,0.0,5440.0,10.142376370008757,0.0
OutrosUsos_pct,2,5848,0,0.10731361149110806,0.02,0.20697363930531815,0.0,0.09,0.0,1.0,1.9286802152070697,0.0
ResidencialAltoPadraoHor,2,5848,0,2.5092339261285908,0.0,4.606780002204367,0.0,3.0,0.0,37.0,1.8359308609030354,0.0
ResidencialAltoPadraoHor_pct,2,5848,0,0.05717510259917921,0.0,0.1311377719065477,0.0,0.04,0.0,1.0,2.2936167307976163,0.0
ResidencialAltoPadraoVert,2,5848,0,7.4138166894664845,0.0,26.225191274131458,0.0,0.0,0.0,484.0,3.537340127574517,0.0
ResidencialAltoPadraoVert_pct,2,5848,0,0.04242476060191518,0.0,0.14579941102869826,0.0,0.0,0.0,1.0,3.4366584268271962,0.0
ResidencialMedioPadraoHor,2,5848,0,19.134917920656633,13.0,21.47751119700488,2.0,29.0,0.0,182.0,1.1224250496428498,0.0
ResidencialMedioPadraoHor_pct,2,5848,0,0.2781908344733242,0.14,0.30266375099330606,0.02,0.51,0.0,1.0,1.087971685214987,0.0
ResidencialMedioPadraoVert,2,5848,0,91.26915184678522,0.0,187.62868401169598,0.0,115.25,0.0,3067.0,2.055773283909451,0.0
ResidencialMedioPadraoVert_pct,2,5848,0,0.29377564979480164,0.0,0.36164850541117477,0.0,0.64,0.0,1.0,1.2310363560212747,0.0
ResidencialPopularHor,2,5848,0,1.244186046511628,0.0,3.3946129398486855,0.0,1.0,0.0,54.0,2.7283804937101586,0.0
ResidencialPopularHor_pct,2,5848,0,0.019935020519835842,0.0,0.057934895178314766,0.0,0.01,0.0,0.57,2.90618688456669,0.0
ResidencialPopularVert,2,5848,0,2.52718878248974,0.0,18.132249271773556,0.0,0.0,0.0,501.0,7.174869324130981,0.0
ResidencialPopularVert_pct,2,5848,0,0.013243844049247607,0.0,0.06659492156033558,0.0,0.0,0.0,0.92,5.028367995930826,0.0
SemBaldeacao,2,5848,0,34741.04443040889,29003.9115385,25455.233036049107,14488.514211004174,47649.49646575,890.6817963368711,124618.938,0.7327135223881784,0.0
TO,2,5848,0,0.5311124089846506,0.5390437593233925,0.16568048027174495,0.4306674932837363,0.6421658818216431,0.0,0.9805555555555556,0.3119499327618481,8.54880926814448e-23
TempoMediodeViagem,2,5848,0,10193.66871264685,8532.0,11808.187476305511,22.67352187788696,16271.0,14.714739782714988,50995.0,1.1583844648252692,0.0
Terreno,2,5848,0,1.0931942544459645,0.0,2.6289298771253025,0.0,1.0,0.0,37.0,2.4048149415655824,0.0
Terreno_pct,2,5848,0,0.026816005471956228,0.0,0.09838521271363314,0.0,0.01,0.0,1.0,3.6688988901245154,0.0
UsoTotal,2,5848,0,158.05232558139534,66.0,258.27426049797236,31.0,186.0,0.0,5467.0,1.6341060439820214,0.0
ValorConstrucaoM2,2,5848,0,1780.5323908101943,1816.0,965.9140502278361,959.75,2609.0,0.0,4360.0,0.5424860874270965,4.2880415317377264e-35
ValorTerrenoM2,2,5848,0,2934.129773018419,2300.5,2717.0362089027153,1163.5,3605.0,25.0,19661.0,0.9260109194514686,0.0
concentracaoStartups,2,5848,0,9.686901504787961,0.0,338.3221413661471,0.0,0.0,0.0,13920.0,34.925733600049924,0.0
cont_aceleradora,2,5848,0,0.0,0.0,0.0,0.0,0.0,0.0,0.0,,
cr_1_pct,2,5848,0,0.04234268125854993,0.0,0.1238595350131551,0.0,0.0,0.0,1.0,2.9251698600958362,0.0
cr_2_pct,2,5848,0,0.14470588235294116,0.04,0.24141482455779367,0.0,0.14,0.0,1.0,1.668313828244916,0.0
cr_3_pct,2,5848,0,0.18867818057455538,0.08,0.23737226672694628,0.0,0.33,0.0,1.0,1.2580801129420984,0.0
cr_4_pct,2,5848,0,0.616515047879617,0.65,0.30797505798243,0.4,0.9,0.0,1.0,0.4995418344477561,1.1210387714598537e-44
cr_5_pct,2,5848,0,0.007655608755129958,0.0,0.04673202390756655,0.0,0.0,0.0,0.89,6.104285812183364,0.0
densidade_hec,2,5843,5,110.38751826963131,79.9575245046099,112.36585324356888,38.814878863874,138.8079045373565,0.0,1195.83990100297,1.0179217270661463,0.0
18a29anos,3,3221,9503,1278.256907792611,578.0,1706.5362732939248,285.0,1102.0,3.0,6774.0,1.3350495216496803,0.0
1Baldeacao,3,12724,0,6412.941571979846,3994.0480423849017,6846.641993138694,1293.65268940492,9798.073201147055,0.0,43097.764745,1.0676289369380536,0.0
2a5SalariosMinimos,3,3221,9503,1148.9307668425954,659.0,1270.1120606477468,442.0,1317.0,5.0,4826.0,1.1054731036041212,0.0
30a39anos,3,3221,9503,1490.2385904998448,853.0,1755.9144477430957,516.0,1751.0,1.0,6818.0,1.178277397281827,0.0
40a49anos,3,3221,9503,659.4212977336231,491.0,603.2789492604558,266.0,782.0,1.0,2266.0,0.9148611840925915,0.0
50a64anos,3,3221,9503,373.92704129152435,312.0,311.4021664530427,117.0,492.0,0.0,2081.0,0.8327885712075703,0.0
5a10SalariosMinimos,3,3221,9503,1232.1161130083824,649.0,1581.286376261289,307.0,1259.0,0.0,6249.0,1.2833907125850006,0.0
AreaConstruida,3,12724,0,10770.548176674001,5010.0,45972.74625336727,1475.5,9850.25,0.0,4315545.0,4.268375713033009,0.0
AreaOcupada,3,12724,0,29807.404844482302,4889.0,300235.6944346799,2347.0,13265.0,0.0,25806384.0,10.0725204358157,0.0
AreadaQuadra,3,12724,0,78159.10021512331,10452.5,1723096.7390957212,5340.75,26911.5,43.0,109349960.0,22.046015554850417,0.0
Ate2SalariosMinimos,3,3221,9503,433.4458242781745,262.0,442.1234890787145,94.0,572.0,0.0,1661.0,1.0200201831797344,0.0
Brasileira,3,3221,9503,3830.7583048742626,2361.0,4205.833319106049,1540.0,3761.0,5.0,16410.0,1.0979114275506603,0.0
CA,3,12724,0,0.5807185160820516,0.5414696518032737,0.6649903760259709,0.16331539793387068,0.82360213707294,0.0,13.509781357882623,1.1451165368593348,0.0
Caminhada,3,12724,0,18111.907547423776,15217.71142913829,13326.605293932802,7952.065806129222,24433.127925340912,0.0,69010.91864267632,0.7357924756980315,0.0
ComercioServicos,3,12724,0,35.44624331971078,2.0,123.2668119440896,0.0,11.0,0.0,1871.0,3.477570551899472,0.0
ComercioServicos_pct,3,12724,0,0.1579102483495756,0.04,0.26117412950336905,0.0,0.18,0.0,1.0,1.6539403378379336,0.0
ConcentracaoAreaVerde,3,12724,0,0.054228230116315626,0.0,2.7780506183032583,0.0,0.0,0.0,156.0,51.22886386563864,0.0
ConcentracaoBOs,3,12724,0,575140.5646023264,0.0,27372353.021816835,0.0,223.75,0.0,1760492160.0,47.59245775116401,0.0
ConcentracaoIES,3,12724,0,43.53670229487582,0.0,1296.7986698833727,0.0,0.0,0.0,54720.0,29.78633202625462,0.0
ConcentracaoPatrimonioHistorico,3,12724,0,52.52043382584093,0.0,725.4542108013904,0.0,0.0,0.0,34560.0,13.812799285074734,0.0
DeslocamentoBicicleta,3,12724,0,298.3433607071241,0.0,677.6383714943071,0.0,247.6127956018,0.0,4651.866852029333,2.2713371931193302,0.0
DeslocamentoCaminhada,3,12724,0,11578.142585906446,8116.107800631628,10416.56885170543,4333.182006497887,15334.571034,0.0,56957.19017,0.8996752954472207,0.0
DeslocamentoTansporteColetivo,3,12724,0,20154.135273133765,13755.060349447724,17887.804088289955,5200.51725537335,30837.94593202354,123.06280457332302,94149.92327,0.8875500658237163,0.0
DeslocamentoVeiculoIndividual,3,12724,0,12853.05296338306,9877.812755957071,9796.771507489786,7523.77404048239,15681.791362367416,409.0542324410381,67679.57848,0.7622135795596358,0.0
DestinoMotivoEducacao,3,12724,0,5934.4416543835505,4905.816939914188,5415.223516965172,2240.0173868589222,7826.297502506047,151.3606176067628,56639.752648,0.9125076683440216,0.0
DestinoMotivoOutros,3,12724,0,12786.061772514302,10896.6109165815,8863.039579142793,6870.550833346082,17148.010167,512.2908836765743,54556.93803,0.693179787242646,0.0
DestinoMotivoResidencia,3,12724,0,17761.391518979184,14048.008121925006,12247.157525217299,9242.854937577382,27747.19560742902,0.0,67704.7503564049,0.6895381767881433,0.0
DestinoMotivoTrabalhoComercioServico,3,12724,0,13342.28122538079,7419.788132415524,17810.383554827677,4256.307673009373,14658.101381,214.5315005272488,123277.516297,1.334882937480533,0.0
DestinoMotivotrabalhoindustria,3,12724,0,1294.3380882241206,694.9419685068633,1968.1690250831023,347.2226422050676,1509.076405,0.0,16280.110177,1.520598862839231,0.0
DistanciaAceleradoraIncubadora,3,12724,0,47.41286910921596,0.0,93.19377538013715,0.0,22.064070049195,0.0,349.895995158399,1.9655797493601257,0.0
DistanciaAreasVerdes,3,12724,0,295.34103609913666,0.0,596.2022522814804,0.0,144.348452290559,0.0,4064.09721031786,2.0186908671958275,0.0
DistanciaPatrimonioHistorico,3,12724,0,89.12365027577226,0.0,260.2528751148675,0.0,2.2391397296005e-09,0.0,3003.09778623376,2.9201325833218896,0.0
DistanciaStartup,3,12724,0,28.596909421393477,0.0,58.72816618908198,0.0,0.0,0.0,199.723434322718,2.0536543066135384,0.0
DistanciaTransportePublico,3,12407,317,1365.3455383782816,777.852740340994,1548.8707584491042,428.08544069365,1505.66422733647,20.1974170682398,11578.3144661592,1.1344166842108032,0.0
EmpresaGrandePorte,3,3221,9503,2068.0470350822725,1373.0,2316.856182833313,638.0,2559.0,0.0,8992.0,1.1203111648479225,0.0
EmpresaMedioPorte,3,3221,9503,1491.835144365104,819.0,1697.296798406961,639.0,1552.5,4.0,6476.0,1.1377241009624408,0.0
EmpresaPequenoPorte,3,3221,9503,306.9254889785781,211.0,302.44392843981944,90.0,412.0,1.0,1076.0,0.9853985390601709,0.0
EnsinoMedioCompleto,3,3221,9503,342.3411983855945,211.0,397.13036703743103,67.0,402.0,0.0,1380.0,1.1600425800640126,0.0
EnsinoSuperiorCompleto,3,3221,9503,3278.580720273207,1771.0,3802.0034035484614,1126.0,3340.0,0.0,14770.0,1.1596491677141434,0.0
Estrangeira,3,3221,9503,36.04936355169202,23.0,37.70331283200264,11.0,42.0,0.0,147.0,1.045880124289545,0.0
Feminino,3,3221,9503,1235.6778950636449,735.0,1339.1116640438627,543.0,1094.0,4.0,5156.0,1.0837060931440312,0.0
FracaoIdeal,3,12724,0,0.8955558943728389,1.0,0.29710328292315064,1.0,1.0,0.00025,1.0284,0.3317529199349563,0.0
Maisde10SalariosMinimos,3,3221,9503,980.5805650419125,445.0,1058.802692902665,365.0,1180.0,0.0,3952.0,1.0797712402727553,0.0
Maisde2Baldeacoes,3,12724,0,2359.8180553852812,993.3181923584876,3276.638853980007,149.5506138688,3259.525702,0.0,15658.403424,1.3885133417394073,0.0
Maisde65anos,3,3221,9503,64.42253958398013,50.0,68.31124404691998,14.0,91.0,0.0,532.0,1.060362483193799,0.0
Masculino,3,3221,9503,2631.12977336231,1578.0,2912.8775709867045,1002.0,2689.0,1.0,11388.0,1.107082440583822,0.0
MestradoDoutoradoCompleto,3,3221,9503,244.57031977646693,182.0,228.02995459663595,48.0,390.0,0.0,1069.0,0.9323696955748817,1.2625699163566602e-42
NaoMapeado,3,12724,0,6371.316595146068,5369.334451152271,5656.700340938051,2135.0529685702,8962.06170474831,0.0,30587.547471454032,0.8878385270083046,0.0
Numero_Viagens,3,12724,0,66120.82163938468,55110.31751429648,44570.19597439094,32138.116514561945,96688.30881310743,2760.7724378094254,239406.2730286421,0.6740720225388552,0.0
NumerodePavimentos,3,12724,0,3.9228343337040017,1.0,5.586428626731983,1.0,3.0,0.0,49.0,1.4240796708478867,0.0
OrigemMotivoEducacao,3,12724,0,5641.722582188516,4815.494707606569,4715.890564411818,2258.30251409834,6918.3819074565135,0.0,28837.334973786423,0.8358955081025,0.0
OrigemMotivoOutros,3,12724,0,11698.914563086368,9480.9629735472,7268.745950201077,6766.997003,16393.623806405583,496.16114493174,38730.8737492946,0.621317978775243,0.0
OrigemMotivoResidencia,3,12724,0,23416.65391312457,17894.027899,21318.42394499656,9242.854937577382,30924.35333451831,606.2861702836681,118070.51984,0.91039582444561,0.0
OrigemMotivoTrabalhoComercioServico,3,12724,0,9543.228974901569,7169.3582180045005,7222.991574779424,4200.459418083815,13544.448019,0.0,40343.964623,0.7568708236777818,0.0
OrigemMotivotrabalhoindustria,3,12724,0,988.730368827809,675.3616371678165,968.9829021146867,333.80114636855006,1237.8598350484708,0.0,5738.359254,0.9800274500149784,0.0
OutrosUsos,3,12724,0,11.04990569003458,1.0,380.7222560374276,0.0,2.0,0.0,33888.0,34.45479687494384,0.0
OutrosUsos_pct,3,12724,0,0.06516189877397045,0.0,0.1828454921052827,0.0,0.03,0.0,1.0,2.8060184792884226,0.0
ResidencialAltoPadraoHor,3,12724,0,1.291810751336058,0.0,3.6734966007634164,0.0,1.0,0.0,69.0,2.843680157456574,0.0
ResidencialAltoPadraoHor_pct,3,12724,0,0.03515796919207796,0.0,0.11518872167187919,0.0,0.0,0.0,1.0,3.2763189774292854,0.0
ResidencialAltoPadraoVert,3,12724,0,3.3256051556114428,0.0,25.29608681208108,0.0,0.0,0.0,551.0,7.606461268980731,0.0
ResidencialAltoPadraoVert_pct,3,12724,0,0.009762653253693807,0.0,0.06926789728996106,0.0,0.0,0.0,1.0,7.095191797757725,0.0
ResidencialMedioPadraoHor,3,12724,0,18.92973907576234,12.0,24.83329498928055,1.0,28.0,0.0,492.0,1.3118667346597044,0.0
ResidencialMedioPadraoHor_pct,3,12724,0,0.35377161270040863,0.25,0.3440454617542805,0.01,0.68,0.0,1.0,0.9725072600599961,0.0
ResidencialMedioPadraoVert,3,12724,0,68.96769883684377,0.0,190.63327074384952,0.0,26.0,0.0,2946.0,2.7640949887980004,0.0
ResidencialMedioPadraoVert_pct,3,12724,0,0.17181389500157185,0.0,0.30362344967194255,0.0,0.23,0.0,1.0,1.767164696831795,0.0
ResidencialPopularHor,3,12724,0,3.625982395473122,0.0,8.73842437385647,0.0,3.0,0.0,216.0,2.40994671809935,0.0
ResidencialPopularHor_pct,3,12724,0,0.09309258094938698,0.0,0.20204538610039485,0.0,0.07,0.0,1.0,2.1703704424119885,0.0
ResidencialPopularVert,3,12724,0,6.380776485381955,0.0,41.268539630974615,0.0,0.0,0.0,860.0,6.467635988428494,0.0
ResidencialPopularVert_pct,3,12724,0,0.028563344860106886,0.0,0.13803272412034234,0.0,0.0,0.0,1.0,4.83251260650241,0.0
SemBaldeacao,3,12724,0,24300.69763474959,19577.57002052131,17570.543409928883,13066.560030817627,34865.12250422226,756.810943180291,124618.938,0.7230468719055745,0.0
TO,3,12724,0,0.5045953424008811,0.5295920208978628,0.2169970738506212,0.39000758535972946,0.6467239416209503,0.0,1.0,0.4300417693475767,2.7539103141883587e-31
TempoMediodeViagem,3,12724,0,3122.6911848526015,27.699430199430203,8691.45779762195,22.70034306195597,39.37592361055093,14.71473978271499,50995.0,2.7833228722014045,0.0
Terreno,3,12724,0,2.045268783401446,0.0,5.780712857130033,0.0,2.0,0.0,207.0,2.8263829693407065,0.0
Terreno_pct,3,12724,0,0.08446636277900031,0.0,0.2228544601275505,0.0,0.04,0.0,1.0,2.638381159025776,0.0
UsoTotal,3,12724,0,151.0630304935555,43.0,487.755872543774,21.0,128.25,0.0,35189.0,3.228823564244477,0.0
ValorConstrucaoM2,3,12724,0,1873.4628621079046,1871.0,830.6212691583826,1362.0,2609.0,0.0,4360.0,0.4433614810083926,2.793641303255862e-33
ValorTerrenoM2,3,12724,0,2690.6798340301148,1642.0,3240.318101502025,794.0,3292.5,77.0,34383.0,1.2042748678309523,0.0
concentracaoStartups,3,12724,0,27.152074819239232,0.0,489.60123876931266,0.0,0.0,0.0,32000.0,18.03181679590815,0.0
cont_aceleradora,3,12724,0,10.59375982395473,0.0,555.7063346673551,0.0,0.0,0.0,36000.0,52.45600654555011,0.0
cr_1_pct,3,12416,308,0.025974548969072166,0.0,0.11450142600503806,0.0,0.0,0.0,1.0,4.408216140398612,0.0
cr_2_pct,3,12416,308,0.23730186855670102,0.09,0.2971884107393448,0.0,0.41,0.0,1.0,1.2523643937019169,0.0
cr_3_pct,3,12416,308,0.10492106958762885,0.0,0.24671331651036493,0.0,0.0,0.0,1.0,2.351418237347579,0.0
cr_4_pct,3,12416,308,0.6265576675257732,0.75,0.3743827003748008,0.31,1.0,0.0,1.0,0.597523132791924,0.0
cr_5_pct,3,12416,308,0.005260953608247423,0.0,0.04749407365816103,0.0,0.0,0.0,1.0,9.02765490722179,0.0
densidade_hec,3,12706,18,121.91443302370821,97.33401017807816,114.95612572040977,45.1048396796902,162.63908813793574,0.0,2139.0,0.9429246633830033,0.0
