EstagioClusterizacao,Ano,n_unidades,AreadaQuadra_total,AreaOcupada_total,AreaConstruida_total,UsoTotal_total,Numero_Viagens_total,Terreno_total,EmpresaPequenoPorte_total,EmpresaMedioPorte_total,EmpresaGrandePorte_total,cont_aceleradora_total,densidade_hec_media,concentracaoStartups_media,ConcentracaoAreaVerde_media,ConcentracaoIES_media,ConcentracaoPatrimonioHistorico_media,ConcentracaoBOs_media,TempoMediodeViagem_mediana,ValorTerrenoM2_mediana,ValorConstrucaoM2_mediana,NumerodePavimentos_mediana,ResidencialPopularHor_pct_medio,ResidencialPopularVert_pct_medio,ResidencialMedioPadraoHor_pct_medio,ResidencialMedioPadraoVert_pct_medio,ResidencialAltoPadraoHor_pct_medio,ResidencialAltoPadraoVert_pct_medio,ComercioServicos_pct_medio,OutrosUsos_pct_medio,Terreno_pct_medio,DeslocamentoCaminhada_medio,Caminhada_medio,DeslocamentoBicicleta_medio,DeslocamentoTansporteColetivo_medio,DeslocamentoVeiculoIndividual_medio,SemBaldeacao_medio,1Baldeacao_medio,Maisde2Baldeacoes_medio,Ate2SalariosMinimos_medio,2a5SalariosMinimos_medio,5a10SalariosMinimos_medio,Maisde10SalariosMinimos_medio,18a29anos_medio,30a39anos_medio,40a49anos_medio,50a64anos_medio,Maisde65anos_medio,EnsinoMedioCompleto_medio,EnsinoSuperiorCompleto_medio,MestradoDoutoradoCompleto_medio,Masculino_medio,Feminino_medio,Brasileira_medio,Estrangeira_medio,OrigemMotivoResidencia_medio,OrigemMotivoOutros_medio,OrigemMotivoEducacao_medio,OrigemMotivoTrabalhoComercioServico_medio,OrigemMotivotrabalhoindustria_medio,DestinoMotivoResidencia_medio,DestinoMotivoOutros_medio,DestinoMotivoEducacao_medio,DestinoMotivoTrabalhoComercioServico_medio,DestinoMotivotrabalhoindustria_medio,ResidencialPopularHor_medio,ResidencialPopularVert_medio,ResidencialMedioPadraoHor_medio,ResidencialMedioPadraoVert_medio,ResidencialAltoPadraoHor_medio,ResidencialAltoPadraoVert_medio,ComercioServicos_medio,OutrosUsos_medio,UsoPredominante_moda,CristalizacaoPredominante_moda,TO_moda,CA_moda,indice_diversidade_uso_shannon,indice_acessibilidade,empresas_total,prop_EmpresaPequenoPorte,prop_EmpresaMedioPorte,prop_EmpresaGrandePorte,yoy_delta__AreaConstruida_total,yoy_pct__AreaConstruida_total,mm3__AreaConstruida_total,yoy_delta__AreaOcupada_total,yoy_pct__AreaOcupada_total,mm3__AreaOcupada_total,yoy_delta__AreadaQuadra_total,yoy_pct__AreadaQuadra_total,mm3__AreadaQuadra_total,yoy_delta__ValorTerrenoM2_mediana,yoy_pct__ValorTerrenoM2_mediana,mm3__ValorTerrenoM2_mediana,yoy_delta__ValorConstrucaoM2_mediana,yoy_pct__ValorConstrucaoM2_mediana,mm3__ValorConstrucaoM2_mediana,yoy_delta__densidade_hec_media,yoy_pct__densidade_hec_media,mm3__densidade_hec_media,yoy_delta__TempoMediodeViagem_mediana,yoy_pct__TempoMediodeViagem_mediana,mm3__TempoMediodeViagem_mediana,yoy_delta__concentracaoStartups_media,yoy_pct__concentracaoStartups_media,mm3__concentracaoStartups_media,yoy_delta__ConcentracaoAreaVerde_media,yoy_pct__ConcentracaoAreaVerde_media,mm3__ConcentracaoAreaVerde_media
0,1995,33186,2599369112.2663717,844492891.5675702,10040619.5,4975195.0,5307296714.196957,249910.0,2160583.0,11942418.5,7884159.0,0.0,134.2632502111998,0.0,0.0,0.0,0.0,6463.150700803887,13655.0,29.66,134.94,1.0,0.16066532419171822,0.0,0.29878250307650506,0.0,0.0,0.0,0.04674242061018683,0.20653945118345557,0.0585037797062537,31081.947984823433,31298.312520744035,236.570393596874,28482.92108702266,24257.89947370567,45027.80935170758,6720.444086630629,1380.2328071107227,6.804230394272107,43.65243483402855,71.96610250755143,210.27583065637435,86.15418484601493,139.60146873152098,84.65276246184335,38.750219750363584,4.7996995413210595,0.0,0.0,0.0,229.54288728004985,125.42263988109508,346.3524316376596,8.042367870099566,34952.06117816982,12675.383924682841,16513.68391793299,17535.655993823413,2900.9777000645504,43176.60021981709,10189.953219685678,15008.065678272442,13057.15633217297,2196.6341965979977,9.933052052867943,0.0,20.8453756532579,0.0,0.0,0.0,2.8406929727829184,7.96382509469243,ResidencialMedioPadraoHor,cr_4,0.0,0.0,1.412522268281974,7.322788517867604e-05,21987160.5,0.09826566736527893,0.5431541967413209,0.35858013589340015,,,10040619.5,,,844492891.5675702,,,2599369112.2663717,,,29.66,,,134.94,,,134.2632502111998,,,13655.0,,,0.0,,,0.0
0,2000,33284,2531692720.19082,908153402.7809769,11498465.5,3705772.0,4602010877.547653,189863.0,3015616.5,14847926.0,17956144.0,0.0,133.41437829174026,0.0,0.0,0.0,0.0,7052.177104377104,11740.0,51.18,205.45,1.0,0.17310133076799747,0.0,0.4600796857463524,0.0,0.0,0.0,0.06314862914862915,0.04264758698092031,0.059891053391053405,35942.51431207905,36155.30083070995,535.6563464079685,35445.59882124748,26731.829136212535,50502.44475974087,9897.076151681218,3094.6613114070065,8.649110149110149,61.425436908770244,112.96659451659451,358.4398909732243,118.03775052108385,224.37586980920315,156.94276895943563,75.75465768799103,7.3139089305755975,133.22192560525895,431.59757495590827,0.0,362.25600448933784,232.5644781144781,581.6648388648389,12.560209235209236,40755.70758047247,13038.389971432338,20392.46806598925,23031.519517147022,2780.7547889877987,52260.67504347154,10392.210685811728,18560.82003118092,16215.833524590349,1837.2193135633158,8.351154401154401,0.0,25.27833894500561,0.0,0.0,0.0,3.069296135962803,1.6933221099887767,ResidencialMedioPadraoHor,cr_4,0.0,0.0,1.200416873374086,8.517162081594413e-05,35819686.5,0.08418880215492673,0.4145185916130226,0.5012926062320506,1457846.0,0.1451948258770288,10769542.5,63660511.21340668,0.07538312263971614,876323147.1742735,-67676392.07555151,-0.026035699107213373,2565530916.2285957,21.52,0.7255563047875928,40.42,70.50999999999999,0.5225285311990513,170.195,-0.8488719194595262,-0.00632244428854678,133.83881425147,-1915.0,-0.14024166971805196,12697.5,0.0,,0.0,0.0,,0.0
0,2005,34384,2618694876.2026873,943035887.107827,12883642.5,3888189.5,4822468725.53586,188053.0,3485273.5,18507834.5,26284255.0,0.0,138.47030388170148,0.0,0.0,0.0,0.0,7955.155034298247,11689.0,104.49,341.6,1.0,0.1724777178055344,0.0,0.4661694846707835,0.0,0.0,0.0,0.05913966619483893,0.04111916502045451,0.05606658992984803,36778.32641858017,36997.92246198813,542.216267482073,35799.00196435005,26312.81541641659,50390.69879033495,9964.186414468417,3148.616570918897,18.96127642364946,120.35870055530495,193.75390813358428,374.70542394499836,234.19046804274447,258.33695500007775,165.39694193407894,79.13524864284715,6.63772962715239,77.53404937080994,658.3816049401919,0.0,537.825288929677,238.94676383207081,769.0909409074648,11.734499681127408,40522.93746506049,13150.920109053572,21002.99320352284,23367.65741935844,2852.0142292407177,53633.996426190555,10125.905567509993,18979.549626875018,15733.214759124421,1823.4930011926442,8.504269781766709,0.0,26.145328127673473,0.0,0.0,0.0,2.874099768234068,1.6821851327598811,ResidencialMedioPadraoHor,cr_4,0.0,0.0,1.178037047452636,8.554319931565441e-05,48277363.0,0.07219270654861576,0.3833646527048298,0.5444426407465545,1385177.0,0.12046624830069708,11474242.5,34882484.32685006,0.038410343693071836,898560727.1521248,87002156.01186705,0.034365211590650535,2583252236.2199597,53.309999999999995,1.0416178194607268,61.776666666666664,136.15000000000003,0.6626916524701876,227.33,5.05592558996122,0.03789640707919295,135.38264412821385,-51.0,-0.0043441226575808845,12361.333333333334,0.0,,0.0,0.0,,0.0
0,2010,34222,884142139.1279429,330161058.73604083,7450310.0,2229596.5,3829743098.854565,83898.0,1182247.5,6461491.5,10429542.0,0.0,137.47936505753879,0.0,0.0,0.0,0.0,4532.889353651317,8027.0,205.5,500.0,1.0,0.14787819506293598,0.0,0.45175371309428813,0.0,0.0,0.0,0.05231563232000824,0.13421297845504387,0.04178897783726738,33508.38901165875,33806.74868172697,590.8366162427346,36504.07752825114,27193.665544339543,51689.668359721145,9809.004789745399,3741.9659588294676,34.78304460861283,102.72793379494968,129.89360086488713,197.24435635408892,152.5231151380988,161.34578753635873,99.01464645164612,50.46684599346187,4.181150093953512,34.495315194728306,391.76734922391825,11.16579577337898,344.04541944451597,156.87461710726146,495.703647455533,6.799434991891683,40622.91111298335,12492.139208174405,20681.81777223733,21764.293139922003,3407.255210361786,52802.658028551785,9913.2198925113,18535.588266909508,14758.263968438208,2579.6349119217725,6.822569435506705,0.0,22.737792478570878,0.0,0.0,0.0,2.419058405621766,5.16905197044969,ResidencialMedioPadraoHor,cr_4,0.0,0.0,1.2583926451659107,0.00012456402590931738,18073281.0,0.06541410494309251,0.3575162417936179,0.5770696532632896,-5433332.5,-0.421723320869855,10610806.0,-612874828.3717861,-0.6498955519618628,727116782.8749481,-1734552737.0747442,-0.6623729831365393,2011509911.8404834,101.01,0.9666953775480909,120.38999999999999,158.39999999999998,0.4637002341920373,349.01666666666665,-0.9909388241626971,-0.007156327359614134,136.45468241032685,-3662.0,-0.313285995380272,10485.333333333334,0.0,,0.0,0.0,,0.0
0,2015,32501,722295289.7420927,274866035.73816955,6120688.5,1797560.0,3236652922.749835,62243.0,3015091.0,13456055.5,18905178.0,0.0,133.92840458629192,0.0,0.0,0.0,0.0,4649.406910556599,7956.0,436.0,750.0,1.0,0.15200424602319929,0.0,0.46539583397433926,0.0,0.0,0.0,0.04933986646564721,0.12682717454847545,0.0379509861235039,34334.29701324079,34641.54110144642,595.9116937681611,36709.92022938847,27158.05082763853,51938.14919128557,9782.520914894512,3740.0545576437494,99.07950524599244,277.6551029199102,302.860742746377,380.8204516784099,319.6638103442971,432.410818128673,226.9648010830436,122.9443401741485,11.152533768191748,110.9937694224793,893.4121027045321,24.338481892864834,784.6198116981016,376.20036306575184,1173.11531952863,14.643395587828067,40585.39834573493,12697.684639617428,21234.43790472012,21946.756303022325,3527.5495870227537,54074.6759588746,9834.88665933996,18802.679128009262,14269.053615505367,2600.5726247063308,6.665625673056214,0.0,22.364081105196764,0.0,0.0,0.0,2.177963754961386,4.69153256822867,ResidencialMedioPadraoHor,cr_4,0.0,0.0,1.2307739696499784,0.00012567550584391103,35376324.5,0.0852290632962732,0.3803689526875524,0.5344019840161744,-1329621.5,-0.17846525849259964,8818213.666666666,-55295022.99787128,-0.1674789365213385,516020993.86067915,-161846849.3858502,-0.18305523764027898,1408377435.024241,230.5,1.121654501216545,248.66333333333333,250.0,0.5,530.5333333333333,-3.550960471246867,-0.025829043287774134,136.62602450851074,-71.0,-0.008845147626759697,9224.0,0.0,,0.0,0.0,,0.0
0,2020,32398,720373910.6934737,272555709.5961662,6317042.0,1801540.0,3279221754.1526966,62824.0,3141847.5,14000702.0,20200999.0,0.0,136.4061200492391,0.0,0.0,0.0,0.0,6242.1273689733935,7984.0,520.0,906.0,1.0,0.15326964627446135,0.0,0.4635613309463547,0.0,0.0,0.0,0.04734520649422805,0.12521698870300638,0.03832782887832582,35324.85721700438,35646.48397298336,590.7520155444935,37400.4987243423,27200.758520391195,52481.41155122599,9944.05766636587,3830.8896598580777,127.09647200444472,283.1416908451139,299.4299956787456,371.29847521451944,314.2478548058522,445.16752577319585,262.66516451632816,131.10756836841782,12.622276066423852,136.47410333971231,907.1688761651953,24.07903265633681,797.7476387431323,415.0537841842089,1211.7896629421568,14.881011173529231,40846.76692458023,12967.965218802086,21899.298719455586,22447.601400892603,3625.767433416631,55677.80559461678,9811.579960714334,19143.78305495807,14088.842953353618,2581.0379280077323,6.7207852336563985,0.0,22.256049756157786,0.0,0.0,0.0,2.0816717081301315,4.612383480461757,ResidencialMedioPadraoHor,cr_4,0.0,0.0,1.2286082121438084,0.00012523481527864746,37343548.5,0.08413360878117943,0.374916218794794,0.5409501724240267,196353.5,0.032080296195436286,6629346.833333333,-2310326.1420033574,-0.008405280542569948,292527601.3567922,-1921379.048619032,-0.0026601018667934406,775603779.8545032,84.0,0.19266055045871555,387.1666666666667,156.0,0.20799999999999996,718.6666666666666,2.477715462947174,0.018500298503524304,135.93796323102325,28.0,0.0035193564605329186,7989.0,0.0,,0.0,0.0,,0.0
0,2023,32274,489520546.0,198906921.0,49353767.5,1562494.0,2621264628.2242227,58461.0,3131396.5,13964691.0,20156143.0,0.0,136.41390390537256,0.0,0.0,0.0,0.0,6248.696458449526,29.6870948849302,916.0,1459.0,1.0,0.16960246638160748,0.0,0.5142080312325711,0.0,0.0,0.0,0.05247660655636117,0.035921794633451076,0.042505112474437626,12165.89494667904,23973.949388767433,290.9283976916101,21041.53430954712,13906.53013784555,25709.994815822094,6558.008407503383,2454.9048230217527,127.21786887277685,283.4778769287972,299.89477598066554,371.8689967156225,314.70452996219865,445.826718101258,263.03662390778953,131.2557786453492,12.637742455227118,136.6318088864101,908.5109608353473,24.10440292495507,798.8557972361654,415.6607950672368,1213.5114798289644,14.902715808390655,23113.648565419553,15674.552819831564,7950.750178743552,10533.622909363401,1323.838172280688,22935.14311399953,15399.868019117917,7971.2993723535965,10606.99424954529,1369.137786411527,6.64316477660036,0.0,22.551759930594287,0.0,0.0,0.0,2.137076284315548,1.1552178223957366,ResidencialMedioPadraoHor,cr_4,0.0,0.1574117119994697,1.085516807681894,0.03258698823560126,37252230.5,0.08405930216715479,0.3748685867279813,0.5410721111048639,43036725.5,6.812797112952549,20597166.0,-73648788.5961662,-0.27021554127517033,248776222.11144528,-230853364.6934737,-0.3204632500797272,644063248.8118554,396.0,0.7615384615384615,624.0,553.0,0.6103752759381897,1038.3333333333333,0.007783856133471545,5.7063833577730705e-05,135.58280951363454,-7954.31290511507,-0.9962816764923684,5323.22903162831,0.0,,0.0,0.0,,0.0
0,2025,32272,495019936.0,204036770.5,49484842.0,1587077.0,2621162118.3617268,56746.0,3131343.5,13963604.5,20153958.0,0.0,136.4061200492391,0.0,0.0,0.0,0.0,6248.924718021814,29.6870948849302,998.0,1590.0,1.0,0.1667203767972236,0.0,0.5136728433316807,0.0,0.0,0.0,0.05295039043133366,0.0352624566187407,0.041097855726326224,12166.358485876608,23974.67926085303,290.8672957539671,21042.160781452185,13906.888616847453,25710.923505658524,6558.311709247423,2454.7758151781723,127.21479920674268,283.47330503222605,299.88717773921667,371.8512952404561,314.6997552057511,445.8160479672781,263.02540902330196,131.24845066931087,12.637348165592464,136.6336607585523,908.4924082796232,24.104393901834406,798.8322074863659,415.6503005701537,1213.4751022558255,14.901710461080812,23114.319634808955,15675.117924532975,7950.967319825146,10533.82344040619,1323.8682716984974,22935.800523175632,15400.416100715669,7971.517786935042,10607.20576798364,1369.166850510174,6.5653817550818045,0.0,22.730586886465048,0.0,0.0,0.0,2.1769335647000494,1.1443976202280615,ResidencialMedioPadraoHor,cr_4,0.0,0.1574117119994697,1.0802225092128013,0.03258698823560126,37248906.0,0.08406538167859212,0.3748728754610941,0.5410617428603138,131074.5,0.0026558154856162197,35051883.833333336,5129849.5,0.025790201136339563,225166467.03205538,5499390.0,0.011234237347006015,568304797.5644913,82.0,0.08951965065502177,811.3333333333334,131.0,0.08978752570253601,1318.3333333333333,-0.007783856133471545,-5.7060577482448416e-05,136.40871466795025,0.0,0.0,2681.124729923287,0.0,,0.0,0.0,,0.0
1,1995,511,43966802.84374965,16131839.556697186,304885.5,80285.0,82053771.43964,2733.0,31910.0,189178.0,156425.5,0.0,98.45509154825925,0.0,0.0,0.0,0.0,8880.598384030418,16003.0,82.81,179.52,1.0,0.08939163498098858,0.0,0.27493346007604563,0.0,0.0,0.0,0.09040399239543728,0.18105513307984794,0.03556558935361217,18688.707564942968,18874.251989372624,77.60415615019012,30333.346711844108,28548.013754895437,51508.726960399246,6029.987043878327,1417.937823136882,5.896863117870723,58.09553231939164,83.79087452471482,196.4472433460076,82.11026615969581,135.27756653992395,89.36644486692015,49.913498098859314,6.8255703422053235,0.0,0.0,0.0,235.143536121673,129.65351711026616,357.1097908745247,7.687262357414449,39219.92385292776,11161.540780589352,11204.543079876426,14736.434242694868,1603.9665985788974,29054.550262366916,12622.132613082225,14372.663765622625,18454.121102138783,1938.2686039545615,5.943441064638783,0.0,20.05893536121673,0.0,0.0,0.0,4.846958174904943,7.466254752851711,ResidencialMedioPadraoHor,cr_4,0.2395727937043282,0.1574117119994697,1.4131328195151682,6.248437890527369e-05,377513.5,0.08452677851255651,0.5011158541350177,0.4143573673524258,,,304885.5,,,16131839.556697186,,,43966802.84374965,,,82.81,,,179.52,,,98.45509154825925,,,16003.0,,,0.0,,,0.0
1,2000,1179,78046843.47906862,31220865.46918017,684282.0,161478.5,137428009.77802,3787.0,167485.5,862078.0,1205206.5,0.0,90.66159553482383,0.0,0.0,0.0,0.0,9018.503968253968,21100.0,312.2,273.32,2.0,0.04007002801120448,0.0,0.2911998132586368,0.0,0.0,0.0,0.11858776844070962,0.05808590102707749,0.03236928104575164,18110.83318603408,18306.253659119982,333.8460641666667,35869.894315595244,33743.10289651331,56638.003535504795,11091.09372940943,3166.813552901494,17.323295985060692,128.91456582633054,259.78968253968253,588.2768440709617,214.04435107376284,401.79411764705884,277.8620448179272,142.2843137254902,15.492997198879552,196.281279178338,811.2059990662932,0.0,650.6883753501401,427.9276377217554,1061.468720821662,20.42892156862745,48856.2991103534,11394.412519591504,10016.398454530814,17073.805632626052,1680.411052446312,26495.035839073294,14388.568305864846,13294.422102943512,24556.02238014005,2499.9293715925305,2.1430905695611577,0.0,16.80392156862745,0.0,0.0,0.0,5.683006535947713,2.34733893557423,ResidencialMedioPadraoHor,cr_4,0.5196583445264502,0.1574117119994697,1.267311670456941,4.739111890431733e-05,2234770.0,0.07494529638396792,0.3857569235312806,0.5392977800847515,379396.5,1.2443901071057821,494583.75,15089025.912482984,0.9353568053693371,23676352.51293868,34080040.63531897,0.7751311997015906,61006823.16140914,229.39,2.770076077768385,197.505,93.79999999999998,0.5225044563279857,226.42000000000002,-7.793496013435416,-0.07915787686424847,94.55834354154155,5097.0,0.3185027807286134,18551.5,0.0,,0.0,0.0,,0.0
1,2005,1965,182122843.78539905,74899218.25572021,1260260.0,296841.5,223982499.27299,5957.0,288341.5,1508820.5,2206545.0,0.0,97.54634516044877,0.0,0.0,0.0,0.0,11225.987719298246,19402.0,435.8,434.77,2.0,0.03480952380952381,0.0,0.30086215538847116,0.0,0.0,0.0,0.11932706766917295,0.05903007518796992,0.026946115288220555,17776.950049468673,17892.573124619048,246.97044623809526,31144.948708681706,31765.474235101752,51378.70789926305,9920.639346243732,2584.6073399285715,32.18934837092732,185.31791979949875,285.3810776942356,450.21165413533834,285.9907268170426,345.2784461152882,233.75563909774436,118.22869674185463,10.257769423558898,91.12919799498746,893.0825814536341,0.0,698.4304511278195,341.02142857142854,1027.917418546366,15.06704260651629,44373.2526654173,10373.315264380954,9174.883089368419,16280.829228403509,1277.109684676692,25268.645028414783,13617.772858355263,11219.903364854385,23875.62012390351,2125.7550438013386,1.8085213032581453,0.0,17.80187969924812,0.0,0.0,0.0,6.015789473684211,2.475062656641604,ResidencialMedioPadraoHor,cr_4,0.4791464597478176,0.000105912126381,1.227379293654307,5.153842189352162e-05,4003707.0,0.0720186317330414,0.3768558738189383,0.5511254944480203,575978.0,0.8417260719995558,749809.1666666666,43678352.78654005,1.399011594654778,40750641.09386586,104076000.30633043,1.3335068487970632,101378830.03607243,123.60000000000002,0.39590006406149914,276.93666666666667,161.45,0.5906995463193325,295.86999999999995,6.884749625624934,0.07593898590699788,95.55434408117729,-1698.0,-0.08047393364928912,18835.0,0.0,,0.0,0.0,,0.0
1,2010,2990,99559919.71852662,43416873.37155619,1326787.5,286952.5,271389418.9642635,3935.0,155237.5,824896.5,1195513.0,0.0,106.36242391176927,0.0,0.0,0.0,0.0,7173.717930444698,12450.0,835.0,635.0,2.0,0.028181299885974915,0.0,0.2829903078677309,0.0,0.0,0.0,0.09248147092360319,0.133945267958951,0.020557297605473205,19457.53510967402,19579.319591615735,712.7551276847207,30528.092708285207,26046.353779840934,43426.01399040193,9727.414144909779,3773.4805900855185,51.0960661345496,155.56342645381983,197.91832953249715,217.41832953249715,208.9988597491448,212.5869441277081,126.29988597491447,80.58167046750285,8.127993158494869,38.484321550741164,574.2916191562143,14.658779931584949,445.5745438996579,209.29147662485747,659.8252565564425,6.156927023945268,39370.27473438355,10919.26670116605,9116.05881496907,15298.269238204388,1565.7551584649373,25877.797645040766,11856.449989367873,10125.28110229732,21607.645854465645,2439.763977360562,1.8452109464082098,0.0,17.58266818700114,0.0,0.0,0.0,5.021664766248574,5.887257696693273,ResidencialMedioPadraoHor,cr_4,0.9170784015933237,0.1574117119994697,1.2570798819068578,8.031483414986748e-05,2175647.0,0.07135233794820575,0.3791499723990151,0.5494976896527791,66527.5,0.05278871026613552,1090443.1666666667,-31482344.88416402,-0.42032941888228115,49845652.36548553,-82562924.06687243,-0.45333645330159056,119909868.99433142,399.2,0.9160165213400642,527.6666666666666,200.23000000000002,0.46054235572831614,447.69666666666666,8.816078751320504,0.09037836053026282,98.19012153568063,-6952.0,-0.35831357592000823,17650.666666666668,0.0,,0.0,0.0,,0.0
1,2015,4934,132337667.35985745,57227692.07157532,1702993.5,382616.5,382650215.488594,5381.0,611690.5,2764187.0,3782489.5,0.0,103.36176440195808,0.0,0.0,0.0,0.0,6607.595764085934,11255.0,1499.0,1350.0,2.0,0.039329144710174305,0.0,0.31914065666801783,0.0,0.0,0.0,0.08338265099310904,0.1370064856100527,0.020150993109039315,19705.46217686038,19824.325454058067,641.0939999465951,30131.958082663357,26610.020446377788,44266.39654012485,9434.750700849514,3608.8137560192545,118.49635184434536,379.1719700040535,423.78668423186053,466.33927847588166,426.21554519659503,554.0940413457641,289.91568706931497,168.68250912038914,17.882549655451967,145.35022294284556,1169.5595358735306,29.608836643696797,1019.4178151601135,481.3519456830158,1497.4081880826916,17.63371503850831,38761.24728492441,10332.174101872619,10491.975009079955,15863.284313824788,1810.1521757433118,29028.860775302284,11355.699548345561,11699.340133871909,20582.4566510606,2432.01421457801,2.241487636805837,0.0,19.009424402107822,0.0,0.0,0.0,4.438792055127686,5.6407580056749085,ResidencialMedioPadraoHor,cr_4,0.9170784015933237,0.1574117119994697,1.2402796085060916,8.884150675195451e-05,7158367.0,0.08545112314023576,0.3861477065928584,0.5284011702669058,376206.0,0.2835465362765326,1430013.6666666667,13810818.700019129,0.3180979565669748,58514594.56628391,32777747.64133084,0.32922633660211154,138006810.28792772,664.0,0.7952095808383233,923.2666666666668,715.0,1.1259842519685042,806.59,-3.000659509811186,-0.028211650312711223,102.4235111580587,-1195.0,-0.09598393574297193,14369.0,0.0,,0.0,0.0,,0.0
1,2020,6724,173142049.10643473,74633860.07475542,2056025.5,494642.0,534661301.714263,7492.0,818000.5,3874264.5,5591380.0,0.0,104.89396053441118,0.0,0.0,0.0,0.0,8078.381469363474,10118.0,1477.0,1368.0,2.0,0.048999107674003575,0.0,0.37384146341463415,0.0,0.0,0.0,0.0755376264128495,0.13204342653182632,0.02036659726353361,21382.47016489075,21530.098295430027,588.4031968935901,30600.388653939845,26397.79366371765,45306.13044364269,9078.840423967058,3382.1702193272604,148.05175490779297,384.05078822129684,411.4044467578822,466.3010856632957,403.2201814396193,580.0069155264723,337.5753271861987,176.9569452706722,18.111838191552646,165.10492266508032,1179.5532792980368,32.26502082093992,1067.5522010707912,522.2524538964902,1582.6922218917312,18.430956276026176,38400.1979383663,10060.983864963342,12139.712426667684,16656.171397868977,2081.2247203508327,32679.202318105592,10531.343052803912,13217.492422566627,19032.17527526911,2456.3209288863263,2.6988399762046402,0.0,21.44296549672814,0.0,0.0,0.0,3.9107674003569306,5.360425342058298,ResidencialMedioPadraoHor,cr_4,0.0,0.1574117119994697,1.1951918004761521,9.882399446585631e-05,10283645.0,0.07954382906061032,0.37674039700903716,0.5437157739303525,353032.0,0.20730084994452413,1695268.8333333333,17406168.003180094,0.30415638606236306,58426141.83929565,40804381.74657728,0.3083353557654942,135013212.06160626,-22.0,-0.014676450967311516,1270.3333333333333,18.0,0.01333333333333342,1117.6666666666667,1.5321961324530946,0.014823625944450969,104.87271628271283,-1137.0,-0.10102176810306529,11274.333333333334,0.0,,0.0,0.0,,0.0
1,2023,6705,154554155.0,71543648.5,10833312.5,451702.5,324818287.1035312,7155.0,815560.5,3861207.0,5572035.0,0.0,104.92378016918985,0.0,0.0,0.0,0.0,8088.919686800895,24.863958143305968,1769.395,1871.0,1.0,0.05318866517524236,0.0,0.4098463832960477,0.0,0.0,0.0,0.08179492915734528,0.05977032065622669,0.023022371364653245,6286.095550018275,12701.451155010942,300.0207389706952,10037.554810432006,11262.778872287736,17694.72818844831,2832.086923852728,742.4653524748851,148.12639821029083,383.9841909023117,411.0883668903803,465.7158090976883,403.2324384787472,579.865548098434,337.4237882177479,176.7627889634601,18.080387770320655,165.1904548844146,1179.1051081282626,32.23698732289336,1066.8079045488441,522.1885906040269,1581.9175988068605,18.40902311707681,13495.97909863843,9289.559848960103,3916.4516058655176,6543.233667688784,683.0273825107472,13393.632774704716,9247.821865562044,3928.4696342018165,6616.912799581453,700.4890800464104,2.6371364653243847,0.0,21.437136465324386,0.0,0.0,0.0,3.9551081282624905,2.007979120059657,ResidencialMedioPadraoHor,cr_4,0.9170784015933237,0.1574117119994697,1.09819875015617,0.03866384234227571,10248802.5,0.07957617487506467,0.37674713704357166,0.5436766880813636,8777287.0,4.269055515118854,4864110.5,-3090211.5747554153,-0.04140495442229797,67801733.54877691,-18587894.106434733,-0.10735632506583248,153344623.8220974,292.395,0.19796547054840885,1581.7983333333332,503.0,0.3676900584795322,1529.6666666666667,0.029819634778675663,0.00028428361963594995,104.3931683685197,-10093.136041856695,-0.9975426014881097,7132.621319381102,0.0,,0.0,0.0,,0.0
1,2025,6702,157592754.0,73325792.0,10829268.0,459867.0,324714783.72437674,7007.0,815077.5,3858347.0,5567353.0,0.0,104.89396053441118,0.0,0.0,0.0,0.0,8087.605341689048,24.863958143305968,1769.395,2040.0,1.0,0.05188152790211878,0.0,0.40435989256938226,0.0,0.0,0.0,0.08176514473291555,0.058455684870188,0.021967323187108326,6285.479810149857,12701.120474220608,299.42163987632046,10038.970161850282,11265.703875494004,17698.101409716866,2833.005774156641,742.4997352503528,148.0895255147717,383.8931662190391,411.00246195165624,465.51051924798566,403.1454043569084,579.6930020889287,337.28103551178754,176.69150999701583,18.07281408534766,165.15801253357208,1178.734743360191,32.230155177558935,1066.4882124738883,521.9838108027454,1581.3915995225307,18.4001044464339,13497.546978173408,9290.786521788075,3917.2774727463793,6543.501205746199,683.1161835405702,13395.13119074659,9249.032693687393,3929.300880683545,6617.234130536729,700.5856974135366,2.596165323783945,0.0,21.420471501044464,0.0,0.0,0.0,3.996418979409132,1.9801551775589377,ResidencialMedioPadraoHor,cr_4,0.9170784015933237,0.1574117119994697,1.0947507557749954,0.03866384234227571,10240777.5,0.07959136891705733,0.3767630924507441,0.5436455386321986,-4044.5,-0.0003733391794984442,7906202.0,1782143.5,0.02490987721991833,73167766.85825181,3038599.0,0.019660416117573742,161762986.03547823,0.0,0.0,1671.93,169.0,0.09032602886157126,1759.6666666666667,-0.029819634778675663,-0.0002842028254280704,104.90390041267074,0.0,0.0,3389.242638762204,0.0,,0.0,0.0,,0.0
2,1995,45,1520905.576784797,583085.0253260806,11930.5,5268.0,5044587.597915,176.0,1746.0,10178.5,11597.0,0.0,96.83655331973137,0.0,0.0,0.0,0.0,8533.8203125,21661.0,164.88,136.4075,1.0,0.09843750000000001,0.0,0.291875,0.0,0.0,0.0,0.09476562499999999,0.12234375,0.033437499999999995,16698.71931390625,16819.513476875,116.449190703125,28789.06797828125,33096.650571562495,53320.35263125,7275.078884921875,1406.736224375,7.828125,65.453125,88.421875,176.0625,79.75,137.40625,92.4375,52.328125,7.71875,0.0,0.0,0.0,240.703125,130.578125,365.546875,5.734375,42769.63277148438,12353.161253359376,8699.417454765626,13606.8324740625,1392.63726375,25017.49820078125,14085.485862656249,12284.707216953127,23869.058208046874,1740.69854078125,6.609375,0.0,19.2109375,0.0,0.0,0.0,5.0625,5.7578125,ResidencialMedioPadraoHor,cr_4,0.3372630815271606,0.001587013693661,1.3988181230583585,4.6163789123811284e-05,23521.5,0.07422995982399082,0.4327317560529728,0.49303828412303635,,,11930.5,,,583085.0253260806,,,1520905.576784797,,,164.88,,,136.4075,,,96.83655331973137,,,21661.0,,,0.0,,,0.0
2,2000,130,7744635.488199605,3026301.5338409143,57898.5,16648.0,13830159.46703,255.0,16796.0,85515.5,117872.0,0.0,85.55874666172049,0.0,0.0,0.0,0.0,9479.802272727273,23321.5,305.53,273.32,2.0,0.014499999999999999,0.0,0.20522727272727276,0.0,0.0,0.0,0.10911363636363637,0.06836363636363638,0.027727272727272725,14509.01674547727,14673.734914113636,231.12767206818185,34159.95538002273,36480.31833958637,59568.36376155482,10603.848860977272,3222.7421875227274,14.706818181818182,125.2909090909091,254.9318181818182,576.6454545454545,199.2840909090909,389.775,264.9818181818182,139.2931818181818,14.481818181818182,183.4,805.2113636363637,0.0,636.3477272727273,401.8909090909091,1024.2181818181818,17.40909090909091,50815.15988833636,11559.851743113635,8126.710860659092,16206.070642454546,1317.1280614090908,20904.41753677273,15370.11044940909,11249.824231090906,25812.34642418181,2894.604242291438,0.7159090909090909,0.0,13.138636363636364,0.0,0.0,0.0,4.5,1.8136363636363637,ResidencialMedioPadraoVert,cr_4,0.3832800341115019,0.0009213151202278,1.2879170528087096,4.2877050058955946e-05,220183.5,0.07628182856571905,0.3883828715594039,0.535335299874877,45968.0,3.8529818532333096,34914.5,2443216.5085148336,4.190154784284685,1804693.2795834974,6223729.911414808,4.092121172026871,4632770.532492201,140.64999999999998,0.8530446385249877,235.20499999999998,136.9125,1.0037021424775032,204.86374999999998,-11.277806658010874,-0.1164622889950887,91.19764999072592,1660.5,0.07665851068741047,22491.25,0.0,,0.0,0.0,,0.0
2,2005,284,26286197.691375352,10474636.557476673,172684.0,44695.0,35805293.9321,731.0,39046.5,212296.0,383264.5,0.0,96.2423146602878,0.0,0.0,0.0,0.0,9416.84595524957,23070.0,467.99,434.77,2.0,0.028795180722891566,0.0,0.3180206540447504,0.0,0.0,0.0,0.11338209982788296,0.045817555938037866,0.022839931153184164,16154.034134277108,16317.778890473322,176.4448578399312,36506.866646222035,36538.07796230465,59780.35959395389,11711.937233347677,2818.2080897504306,34.10499139414802,205.6290877796902,306.95697074010326,495.7616179001721,319.37951807228916,362.3580034423408,247.2358003442341,126.83046471600689,11.720309810671257,90.12220309810671,982.3093803786575,0.0,760.2977624784854,352.065404475043,1098.5869191049915,16.032702237521516,51408.58675040878,11995.89331539587,8497.560585378658,16561.639069466437,1503.6925429432015,22957.741190154906,15782.326384999998,10186.742190361447,26034.42272318416,3473.962215704539,1.6144578313253013,0.0,19.551635111876077,0.0,0.0,0.0,5.010327022375215,1.7332185886402753,ResidencialMedioPadraoHor,cr_4,0.4762753036437247,0.0007085020242914,1.142081696902768,4.334445841099215e-05,634607.0,0.06152863110555037,0.33453145017309927,0.6039399187213503,114785.5,1.9825297719284611,80837.66666666667,7448335.023635759,2.4612005579571243,4694674.372214556,18541562.203175746,2.394116834992076,11850579.585453251,162.46000000000004,0.531731744836841,312.8,161.45,0.5906995463193325,281.49916666666667,10.683567998567312,0.12486821529548187,92.87920488057989,-251.5,-0.010784040477670787,22684.166666666668,0.0,,0.0,0.0,,0.0
2,2010,408,10820698.04716113,4828534.175178656,159953.0,41896.0,42338590.8306015,467.0,17915.5,105868.0,141503.5,0.0,103.90471686396232,0.0,0.0,0.0,0.0,5858.842553191489,15423.0,989.5,635.0,2.0,0.012297872340425531,0.0,0.2440425531914894,0.0,0.0,0.0,0.09701063829787233,0.10874468085106383,0.018138297872340423,22575.829077790306,22720.231253388298,1036.2393681776596,35148.058827053195,30671.639479173402,49150.356690812776,11180.023508852128,4802.8021649563825,41.518085106382976,136.92234042553193,183.0031914893617,218.57340425531916,183.53297872340426,208.83510638297872,121.52872340425532,79.75744680851064,8.285106382978723,32.138297872340424,522.9313829787234,12.937234042553191,421.1127659574468,192.75744680851065,608.4691489361702,5.093085106382978,46920.22285480851,12665.860892984041,7614.5683323404255,18177.242686531914,1820.4915722159574,22113.122142469147,13890.897548309576,7974.032897628723,25807.45239677446,3138.9922865851304,0.8638297872340426,0.0,17.143617021276597,0.0,0.0,0.0,5.242553191489361,5.076595744680851,ResidencialMedioPadraoVer,cr_4,0.0,0.1574117119994697,1.2210183897961937,6.483402489626556e-05,265287.0,0.06753252138250272,0.3990696867920403,0.533397791825457,-12731.0,-0.07372425934076121,130178.5,-5646102.382298017,-0.5390260894797247,6109824.08883208,-15465499.644214222,-0.5883505794863796,14950510.408912031,521.51,1.1143614179790164,587.6733333333333,200.23000000000002,0.46054235572831614,447.69666666666666,7.662402203674517,0.07961573067647998,95.23525939532355,-7647.0,-0.3314694408322497,20604.833333333332,0.0,,0.0,0.0,,0.0
2,2015,802,20539515.916763652,9226677.274249814,280908.5,72327.5,62038402.42697,744.0,113598.5,503193.5,616138.0,0.0,107.67419393517761,0.0,0.0,0.0,0.0,6344.994389027432,14356.0,1769.395,1420.0,2.0,0.01830423940149626,0.0,0.25432668329177055,0.0,0.0,0.0,0.08569825436408977,0.11669576059850374,0.015099750623441396,18253.758784773032,18377.796160541773,916.914688460723,29452.748329768077,28347.9753977768,44522.31694168329,9534.69720912843,4251.337155680175,130.27493765586036,423.0741895261845,467.3023690773067,449.9650872817955,464.29114713216956,579.9825436408978,290.75374064837905,185.89089775561098,20.50997506234414,152.54052369077306,1244.8581670822944,34.63403990024938,1074.0960099750623,510.20386533665834,1573.6041147132169,19.65087281795511,40621.086056388405,10136.869585518705,8102.642068309851,16214.340231323567,1496.4924114127184,23935.5577174894,11708.808465228181,9124.41691497444,24237.229385167702,2765.1627911290907,1.0798004987531171,0.0,17.39152119700748,0.0,0.0,0.0,4.976309226932669,5.437032418952619,ResidencialMedioPadraoVer,cr_4,0.0,0.1574117119994697,1.2170023733234163,6.965243435258063e-05,1232930.0,0.0921370231886644,0.4081281986811903,0.4997347781301453,120955.5,0.7561940069895532,204515.16666666666,4398143.099071158,0.9108650657750448,8176616.002301715,9718817.869602522,0.8981692148920382,19215470.551766712,779.895,0.7881707933299646,1075.6283333333333,785.0,1.236220472440945,829.9233333333333,3.7694770712152916,0.03627820935358006,102.60707515314259,-1067.0,-0.0691823899371069,17616.333333333332,0.0,,0.0,0.0,,0.0
2,2020,1239,33073281.87094817,14828798.372605475,428569.5,114440.0,93476736.609057,1136.0,173264.5,878137.0,1156735.5,0.0,106.17164972602613,0.0,0.0,0.0,0.0,9062.696933010493,12532.0,1769.395,1816.0,2.0,0.017433414043583537,0.0,0.2693462469733656,0.0,0.0,0.0,0.08543987086359968,0.11603712671509282,0.014253430185633575,17998.884337113355,18117.16192176392,735.5114169386603,29312.944715673122,27026.22840765779,43838.482923349475,9339.292472843421,3811.265085504036,175.69652945924133,467.01573849878935,458.4188861985472,499.3301049233253,452.89790153349475,666.1432606941081,396.27602905569006,216.55488297013721,23.46489104116223,175.4673123486683,1372.793179983858,38.3410008071025,1235.77602905569,615.8131557707829,1840.2199354317997,21.434624697336563,39597.2881665791,9612.971800058514,8429.51942039871,15721.667309983053,1632.4144049778045,24751.18578103713,11416.47188421469,11285.293738807102,22302.095441596044,2447.539686207418,1.2211460855528653,0.0,19.25141242937853,0.0,0.0,0.0,5.030669895076675,5.587974172719935,ResidencialMedioPadraoVer,cr_4,0.0,0.1574117119994697,1.1916282606531463,7.978935609989628e-05,2208137.0,0.0784663723310646,0.39768229960369306,0.5238513280652424,147661.0,0.5256551510545249,289810.3333333333,5602121.09835566,0.607165605975001,9628003.274011316,12533765.954184517,0.610226940351349,21477831.944957647,0.0,0.0,1509.43,396.0,0.2788732394366198,1290.3333333333333,-1.5025442091514805,-0.013954543370494621,105.91685350838868,-1824.0,-0.12705488994148784,14103.666666666666,0.0,,0.0,0.0,,0.0
2,2023,1236,37011236.0,17626313.5,2004283.0,106844.0,47063088.310853355,1087.0,172778.5,875269.0,1151962.5,0.0,106.17164972602613,0.0,0.0,0.0,0.0,9064.546116504855,22.520758483033934,1769.395,2609.0,3.0,0.019959546925566344,0.0,0.2967718446601942,0.0,0.0,0.0,0.0922775080906149,0.04494336569579288,0.0165331715210356,4619.23346378153,9534.721665422749,353.45109202297783,6313.201115661417,10719.512540933154,15430.044286722965,1305.1365464251874,297.5328234464192,175.86084142394822,466.872572815534,457.6480582524272,497.66100323624596,452.74716828478967,665.5902103559871,395.90776699029124,216.26496763754045,23.436893203883496,175.60436893203882,1371.3412216828478,38.31877022653722,1233.9405339805826,615.5675566343042,1838.2180420711975,21.37985436893204,10632.636810495871,7658.893658985549,2733.4619798184513,5062.992080518538,479.4507921989103,10589.422870132197,7654.0223714667445,2747.989072865754,5085.106427263136,490.8945802894864,1.183252427184466,0.0,19.084546925566343,0.0,0.0,0.0,5.080097087378641,1.7831715210355987,ResidencialMedioPadraoVert,cr_4,0.0,0.1574117119994697,1.0862097563508368,0.042515635740289714,2200010.0,0.07853532483943255,0.39784773705574067,0.5236169381048268,1575713.5,3.676681378399536,904587.0,2797515.1273945253,0.18865420225570118,13893929.71561843,3937954.1290518306,0.11906753446536444,30208011.262570605,0.0,0.0,1769.395,793.0,0.4366740088105727,1948.3333333333333,0.0,0.0,106.6724977957433,-12509.479241516967,-0.9982029397954808,8970.173586161012,0.0,,0.0,0.0,,0.0
2,2025,1236,37939590.0,18009837.5,2007379.5,108222.0,47063088.310853355,1130.0,172778.5,875269.0,1151962.5,0.0,106.17164972602613,0.0,0.0,0.0,0.0,9064.546116504855,22.520758483033934,1769.395,2846.0,3.0,0.01911812297734628,0.0,0.29050161812297737,0.0,0.0,0.0,0.09200647249190938,0.043624595469255664,0.016723300970873788,4619.23346378153,9534.721665422749,353.45109202297783,6313.201115661417,10719.512540933154,15430.044286722965,1305.1365464251874,297.5328234464192,175.86084142394822,466.872572815534,457.6480582524272,497.66100323624596,452.74716828478967,665.5902103559871,395.90776699029124,216.26496763754045,23.436893203883496,175.60436893203882,1371.3412216828478,38.31877022653722,1233.9405339805826,615.5675566343042,1838.2180420711975,21.37985436893204,10632.636810495871,7658.893658985549,2733.4619798184513,5062.992080518538,479.4507921989103,10589.422870132197,7654.0223714667445,2747.989072865754,5085.106427263136,490.8945802894864,1.1557443365695792,0.0,18.938915857605178,0.0,0.0,0.0,5.098705501618123,1.756472491909385,ResidencialMedioPadraoVert,cr_4,0.0,0.1574117119994697,1.0878693903989938,0.042515635740289714,2200010.0,0.07853532483943255,0.39784773705574067,0.5236169381048268,3096.5,0.0015449415077610773,1480077.3333333333,383524.0,0.021758605394145425,16821649.79086849,928354.0,0.025083031542097123,36008035.956982724,0.0,0.0,1769.395,237.0,0.09083940206975849,2423.6666666666665,0.0,0.0,106.17164972602613,0.0,0.0,4192.347172322023,0.0,,0.0,0.0,,0.0
3,1995,2,86847.0,35529.0,230.0,281.5,136784.64854,5.0,24.0,200.0,328.0,0.0,45.5,0.0,0.0,0.0,0.0,14614.25,18722.0,170.06,179.52,2.0,0.01,0.0,0.81,0.0,0.0,0.0,0.08499999999999999,0.06,0.015,8015.82577,8015.82577,0.0,21789.07149,38587.42701,53647.61375,5457.41683,1271.46792,12.0,75.0,81.0,105.0,40.0,109.0,82.0,40.0,5.0,0.0,0.0,0.0,173.0,103.0,275.0,1.0,39704.00227,11176.74785,4600.46337,11289.90954,1621.20124,15880.52212,15755.33743,7540.56599,27957.61586,1258.28287,1.5,0.0,73.5,0.0,0.0,0.0,8.0,10.0,ResidencialMedioPadraoHor,cr_3,0.3737763102389922,0.0016000698212285,0.6512970868775472,5.341024408481547e-05,552.0,0.043478260869565216,0.36231884057971014,0.5942028985507246,,,230.0,,,35529.0,,,86847.0,,,170.06,,,179.52,,,45.5,,,18722.0,,,0.0,,,0.0
3,2000,31,3517363.9174945685,1591696.955357143,36910.0,7993.5,4573230.58815,74.0,9704.0,53039.5,40871.0,0.0,82.00829865327395,0.0,0.0,0.0,0.0,14826.194029850747,24281.5,448.5,273.32,2.0,0.007014925373134329,0.0,0.1707462686567164,0.0,0.0,0.0,0.167089552238806,0.02074626865671642,0.012835820895522388,13636.035368432835,13902.005055447758,329.89442395522383,43187.946223805964,45879.32264800001,73596.45683403674,12099.041793097016,3761.407844701492,18.91044776119403,142.47014925373134,338.8731343283582,975.0671641791045,420.8805970149254,640.5970149253732,345.65671641791045,149.1417910447761,15.597014925373134,294.6268656716418,1214.8805970149253,0.0,957.4925373134329,658.5373134328358,1586.5298507462687,36.53358208955224,68929.20735079104,11978.609500597015,5468.533279850746,15702.607827761192,1200.153473880597,11346.872792686567,21332.19844436567,9951.522280447763,32748.59875425372,4121.233773891918,1.2835820895522387,0.0,11.58955223880597,0.0,0.0,0.0,8.537313432835822,1.6492537313432836,ComercioServicos,cr_4,0.5757012094394717,0.0022629379170531,1.0679226401422501,4.1181921136621024e-05,103614.5,0.0936548456055861,0.5118926405088091,0.3944525138856048,36680.0,159.47826086956522,18570.0,1556167.955357143,43.799936822233754,813612.9776785715,3430516.9174945685,39.50069567739322,1802105.4587472843,278.44,1.6373044807714923,309.28,93.79999999999998,0.5225044563279857,226.42000000000002,36.508298653273954,0.802380190181845,63.75414932663698,5559.5,0.29695011216750355,21501.75,0.0,,0.0,0.0,,0.0
3,2005,90,9859315.121426718,4525495.455715529,110410.0,23410.5,13458068.22154,326.0,29141.0,150939.0,236880.0,0.0,96.86938263535005,0.0,0.0,0.0,0.0,13598.121495327103,24281.5,655.8,434.77,2.0,0.012102803738317756,0.0,0.20238317757009344,0.0,0.0,0.0,0.1488084112149533,0.027289719626168222,0.016238317757009343,18402.165831285045,18522.617202640187,260.9098157242991,39756.647959883165,35128.33418684346,58613.73956946693,13201.316000572428,3650.3293599299063,42.21495327102804,339.7873831775701,566.8247663551402,864.9789719626168,537.623831775701,697.5724299065421,448.08644859813086,200.55607476635515,15.822429906542055,169.71728971962617,1709.910046728972,0.0,1381.518691588785,692.7640186915888,2059.595794392523,29.070093457943926,57942.222960144856,11248.581501915885,7185.5145364486,15252.429482710279,1196.7265824766355,18085.07942336449,16611.468935408877,9065.386486682244,29459.497317546728,3504.416091932679,1.5046728971962617,0.0,12.733644859813085,0.0,0.0,0.0,7.88785046728972,2.02803738317757,ResidencialMedioPadraoVert,cr_4,0.696136872835902,0.0008795264752899,1.1295921356424445,4.1181921136621024e-05,416960.0,0.06988919800460476,0.3619987528779739,0.5681120491174213,73500.0,1.9913302628014087,49183.333333333336,2933798.500358386,1.8431891136589527,2050907.1370242238,6341951.203932149,1.8030409570043995,4487842.012973762,207.29999999999995,0.4622073578595316,424.78666666666663,161.45,0.5906995463193325,295.86999999999995,14.861083982076096,0.18121439203254108,74.79256042954133,0.0,0.0,22428.333333333332,0.0,,0.0,0.0,,0.0
3,2010,189,8285867.13578399,4136732.3508377797,152805.0,28801.0,25200769.6486075,236.0,13645.0,81056.0,113734.0,0.0,93.03911394409333,0.0,0.0,0.0,0.0,13001.684647302905,18420.5,1536.0,635.0,2.0,0.007261410788381743,0.0,0.1211203319502075,0.0,0.0,0.0,0.17172199170124483,0.07020746887966806,0.010435684647302905,25292.81036221577,25437.696844730286,871.0859823236515,45312.92800710374,28845.998924080915,51534.94175903113,14623.433618334022,5686.450667288383,49.489626556016596,192.31120331950208,278.9004149377593,337.9045643153527,267.20539419087135,301.0954356846473,166.38174273858922,117.31535269709543,12.5850622406639,38.57676348547718,791.4149377593361,18.002074688796682,603.0580912863071,272.4896265560166,868.7468879668049,7.381742738589212,57363.59840315975,13274.334786404566,6734.485958134854,18124.248991564313,1820.7317453506223,16424.08767392531,19056.777752302904,8209.737303821577,29865.787759124483,2854.6754831643707,0.6390041493775933,0.0,11.674273858921161,0.0,0.0,0.0,8.597510373443983,4.8921161825726145,ComercioServicos,cr_3,0.9170784015933237,0.1574117119994697,1.2093250086790772,5.428439595038406e-05,208435.0,0.06546405354187157,0.38887902703480703,0.5456569194233214,42395.0,0.38397790055248615,100041.66666666667,-388763.104877749,-0.08590509231133048,3417974.9206368173,-1573447.9856427284,-0.1595899883779187,7220848.724901759,880.2,1.342177493138152,880.1,200.23000000000002,0.46054235572831614,447.69666666666666,-3.8302686912567196,-0.0395405502446029,90.63893174423912,-5861.0,-0.24137718015773324,22327.833333333332,0.0,,0.0,0.0,,0.0
3,2015,487,18986076.354177088,8549473.314613808,291589.5,60467.0,48839500.3394195,562.0,77068.5,368778.5,480796.0,0.0,96.48594664838359,0.0,0.0,0.0,0.0,12478.243326488706,19765.0,1769.395,1420.0,2.0,0.004537987679671459,0.0,0.09786447638603696,0.0,0.0,0.0,0.14643737166324441,0.09733059548254622,0.011919917864476385,25074.761407178645,25243.073990684807,858.3208444517454,43325.51695537784,28381.54009041786,49765.771227712525,14506.594517603695,5818.46962000616,148.4199178644764,480.5872689938398,574.6139630390144,595.1129363449692,549.2833675564682,708.152977412731,379.135523613963,235.28439425051334,27.53388090349076,180.60164271047228,1553.934291581109,38.30082135523614,1315.829568788501,645.6201232032854,1951.4496919917865,23.905544147843944,54504.25124863243,13100.939614025667,7108.451058891172,18464.325597179668,1661.1693161437374,18686.009878606776,17565.43421658829,8807.468158457905,29269.988972396302,2873.1310361918863,0.45790554414784396,0.0,10.860369609856264,0.0,0.0,0.0,8.028747433264886,5.771047227926078,ResidencialMedioPadraoVer,cr_3,0.9170784015933237,0.1574117119994697,1.2428817910406984,5.0591925528685624e-05,926643.0,0.08316957015808678,0.3979725741196987,0.5188578557222144,138784.5,0.9082458034750172,184934.83333333334,4412740.963776028,1.0667214094434585,5737233.707055706,10700209.218393099,1.2913807381948406,12377086.203795932,233.39499999999998,0.15194986979166658,1320.3983333333333,785.0,1.236220472440945,829.9233333333333,3.4468327042902587,0.03704713596435849,95.46481440927566,1344.5,0.07298933253711892,20822.333333333332,0.0,,0.0,0.0,,0.0
3,2020,740,27292541.588880002,12663312.62834737,430931.0,93064.5,70809586.41656,794.0,127833.0,621990.5,916891.5,0.0,106.6481391885366,0.0,0.0,0.0,0.0,14820.82364864865,17476.5,1769.395,1816.0,2.0,0.003337837837837838,0.0,0.10521621621621621,0.0,0.0,0.0,0.14263513513513515,0.08436486486486487,0.009682432432432433,24264.010563196625,24449.43673148851,813.3156698506757,41541.821780104736,26912.888498922297,47798.906727702706,14206.657766154054,5370.826137756756,201.20135135135135,547.7790540540541,588.2777027027028,673.7108108108108,581.2310810810811,843.1587837837837,484.02364864864865,261.9945945945946,29.082432432432434,205.36621621621623,1749.535135135135,45.519594594594594,1551.0445945945946,779.1533783783784,2319.7837837837837,26.771283783783783,52080.410218784455,12510.765421221622,7545.736868272297,18049.436941260134,1601.8486163006755,20402.92291145608,16795.394084419593,9676.02256851892,28465.32330494594,2557.015790952038,0.45675675675675675,0.0,11.166216216216217,0.0,0.0,0.0,8.07972972972973,5.544594594594595,ResidencialMedioPadraoVer,cr_3,0.9170784015933237,0.1574117119994697,1.21674542125284,5.721642111285939e-05,1666715.0,0.07669757577030266,0.3731834776791473,0.55011894655055,139341.5,0.47786871612318005,291775.1666666667,4113839.313733563,0.48118043794600585,8449839.43126632,8306465.234702915,0.4375029932330081,18188161.692947026,0.0,0.0,1691.5966666666666,396.0,0.2788732394366198,1290.3333333333333,10.162192540153015,0.1053230329716961,98.72439992700451,-2288.5,-0.1157854793827473,18554.0,0.0,,0.0,0.0,,0.0
3,2023,5389,112496632.0,48419677.0,7897261.0,333916.0,325127762.60926265,8600.0,127462.0,619439.5,912495.5,0.0,117.36970537316824,0.0,0.0,0.0,0.0,2030.1683058081276,26.478614896214896,1403.0,1871.0,1.0,0.09652996845425867,0.0,0.3883317869734645,0.0,0.0,0.0,0.07103544256819447,0.03798478381889034,0.03774819075895343,9517.21377516532,16901.192797437234,168.87488572033857,16059.138347700136,10111.858570385148,19758.007295468607,4731.722785545164,1602.7620779558601,201.4145183175034,547.8364993215739,588.2177747625509,672.6716417910447,581.976933514247,843.3778833107191,483.70759837177746,261.6933514246947,29.058344640434193,205.81411126187245,1749.4979647218454,45.511533242876524,1550.3717774762551,779.3819538670285,2319.4477611940297,26.729647218453188,17483.01596020429,11218.711826937862,5284.56870900205,8101.8616036503045,879.1734501266333,17326.901113817923,11141.589267265124,5291.062393635277,8211.167578682356,894.181139656951,3.722397476340694,0.0,18.8928372610874,0.0,0.0,0.0,3.3553534978660235,1.2281499350528855,ResidencialMedioPadraoHor,cr_4,0.0,0.1574117119994697,1.1693234376903088,0.03639193619390718,1659397.0,0.0768122396268042,0.3732919247172316,0.5498958356559642,7466330.0,17.326045236940484,2873260.5,35756364.37165263,2.823618544456564,23210820.98098706,85204090.41112,3.121881856757354,52925083.31435236,-366.395,-0.20707360425456156,1647.2633333333333,55.0,0.030286343612334843,1702.3333333333333,10.72156618463164,0.10053214492263818,106.83459707002947,-17450.021385103784,-0.9984849017311124,12422.659538298738,0.0,,0.0,0.0,,0.0
3,2025,5584,117513529.0,50438206.5,8156605.0,343699.0,346799154.72373104,8694.0,126590.0,614997.5,905559.5,0.0,119.4389604005866,0.0,0.0,0.0,0.0,1953.8381984240689,26.64381868131868,1438.0,2040.0,1.0,0.09364434097421202,0.0,0.393551217765043,0.0,0.0,0.0,0.06908130372492836,0.03705945558739255,0.03721973495702006,9832.014290872528,17540.765118564806,165.30009427029154,16650.89263536575,10302.05349939846,20195.18700142746,4950.968932087074,1722.3057027854247,201.25579809004094,547.5163710777626,587.1930422919509,669.9031377899045,580.7080491132333,841.6609822646658,482.5818553888131,261.28785811732604,29.025920873124146,205.12278308321964,1746.2605729877216,45.50068212824011,1547.4324693042292,777.6214188267394,2314.6589358799456,26.624488403819917,18033.71428439364,11585.646837328833,5502.287344475759,8365.290997924441,907.9214779188063,17872.960632593364,11496.359349914228,5509.529734302611,8471.210711217313,928.4395671739618,3.6015401146131807,0.0,18.83470630372493,0.0,0.0,0.0,3.2772206303724927,1.1741583094555874,ResidencialMedioPadraoHor,cr_4,0.0,0.1574117119994697,1.15329720928943,0.03617445228997202,1647147.0,0.07685409984658322,0.37337135058376697,0.5497745495696498,259344.0,0.0328397402593128,5494932.333333333,2018529.5,0.04168820663549666,37173732.042782456,5016897.0,0.044595975104392505,85767567.52962667,35.0,0.024946543121881604,1536.7983333333334,169.0,0.09032602886157126,1909.0,2.0692550274183503,0.017630231079129866,114.48560165409715,0.16520378510378464,0.006239139990944276,5843.207477859178,0.0,,0.0,0.0,,0.0
