variavel,cluster_a,cluster_b,n_a,n_b,media_a,media_b,t,gl_aprox,p_raw,p_adj,significativo
18a29anos,1,0,35757,357524,353.46611852224737,208.70534425660935,87.90591137503337,41664.641626226956,0.0,0.0,True
18a29anos,1,3,35757,3221,353.46611852224737,546.3877677739832,-37.74619639862262,3937.412595622359,2.123485279106209e-266,3.185227918659313e-266,True
18a29anos,1,2,35757,5848,353.46611852224737,405.8583276333789,-12.873147348252775,8081.444733576161,1.4889033980385876e-37,1.4889033980385876e-37,True
18a29anos,0,3,357524,3221,208.70534425660935,546.3877677739832,-69.20132415243533,3274.899837254795,0.0,0.0,True
18a29anos,0,2,357524,5848,208.70534425660935,405.8583276333789,-52.22164704868832,6014.966327570752,0.0,0.0,True
18a29anos,3,2,3221,5848,546.3877677739832,405.8583276333789,22.89844377039337,6856.031769744929,6.957826246347825e-112,8.34939149561739e-112,True
1Baldeacao,1,0,35757,357524,6974.324452330658,8734.673603327346,-55.27584088871552,41668.183392144245,0.0,0.0,True
1Baldeacao,1,3,35757,12724,6974.324452330658,6121.81567471256,14.046374155509474,22004.488192740224,1.264104100114496e-44,1.8961561501717441e-44,True
1Baldeacao,1,2,35757,5848,6974.324452330658,6378.626275328755,6.890594681522458,7622.804972897073,5.9989125401587174e-12,7.19869504819046e-12,True
1Baldeacao,0,3,357524,12724,8734.673603327346,6121.81567471256,49.20846350444967,13427.57237164646,0.0,0.0,True
1Baldeacao,0,2,357524,5848,8734.673603327346,6378.626275328755,28.979964841281365,5981.978564263647,6.551203733421072e-173,1.3102407466842145e-172,True
1Baldeacao,3,2,12724,5848,6121.81567471256,6378.626275328755,-2.6660248793671264,10905.539335298019,0.007686717944988942,0.007686717944988941,True
2a5SalariosMinimos,1,0,35757,357524,313.8698576502503,153.23616736219108,124.44818252779051,40800.49767246585,0.0,0.0,True
2a5SalariosMinimos,1,3,35757,3221,313.8698576502503,488.4335610058988,-49.370233383588165,4195.413883738514,0.0,0.0,True
2a5SalariosMinimos,1,2,35757,5848,313.8698576502503,391.18057455540355,-23.857646633839067,8024.246314798982,1.341854280208206e-121,1.6102251362498472e-121,True
2a5SalariosMinimos,0,3,357524,3221,153.23616736219108,488.4335610058988,-100.83973793682831,3283.133399583661,0.0,0.0,True
2a5SalariosMinimos,0,2,357524,5848,153.23616736219108,391.18057455540355,-79.10292024877441,5987.441063733579,0.0,0.0,True
2a5SalariosMinimos,3,2,3221,5848,488.4335610058988,391.18057455540355,21.809691811317926,7773.803184662201,2.1046562535958815e-102,2.1046562535958815e-102,True
30a39anos,1,0,35757,357524,490.3470229605392,287.69532115326524,87.83887453517397,41415.48726149237,0.0,0.0,True
30a39anos,1,3,35757,3221,490.3470229605392,767.5558832660664,-41.07763703589223,4046.6601937730998,1.2752351655439127e-308,1.912852748315869e-308,True
30a39anos,1,2,35757,5848,490.3470229605392,570.9752906976744,-14.430911688456389,8207.203656194497,1.2275493955133055e-46,1.2275493955133053e-46,True
30a39anos,0,3,357524,3221,287.69532115326524,767.5558832660664,-74.96413138558555,3280.3158210776073,0.0,0.0,True
30a39anos,0,2,357524,5848,287.69532115326524,570.9752906976744,-54.873030296905554,6016.6534912581365,0.0,0.0,True
30a39anos,3,2,3221,5848,767.5558832660664,570.9752906976744,24.039572004030532,7098.935403273699,7.837264646445293e-123,9.404717575734351e-123,True
40a49anos,1,0,35757,357524,287.7233408843024,174.61530274890637,83.19740917577053,41723.52711210559,0.0,0.0,True
40a49anos,1,3,35757,3221,287.7233408843024,438.4827693262962,-37.50660873822534,4022.5627595866836,2.753829439235744e-264,4.130744158853616e-264,True
40a49anos,1,2,35757,5848,287.7233408843024,336.4960670314637,-14.580343352656083,8104.305688895667,1.4937488764741053e-47,1.4937488764741053e-47,True
40a49anos,0,3,357524,3221,174.61530274890637,438.4827693262962,-69.09489431766953,3281.732882370542,0.0,0.0,True
40a49anos,0,2,357524,5848,174.61530274890637,336.4960670314637,-52.20037163604501,6018.246148923481,0.0,0.0,True
40a49anos,3,2,3221,5848,438.4827693262962,336.4960670314637,20.850322064758707,7139.3232693658665,9.027302471222418e-94,1.0832762965466903e-93,True
50a64anos,1,0,35757,357524,153.9059205190592,86.46358426287466,93.55117152395498,41102.80183890552,0.0,0.0,True
50a64anos,1,3,35757,3221,153.9059205190592,240.3340577460416,-40.633966231946346,4033.7088356153595,6.763495686015827e-303,1.0145243529023741e-302,True
50a64anos,1,2,35757,5848,153.9059205190592,187.61474008207935,-18.382285449347663,7944.956714428927,6.122352638146015e-74,6.122352638146015e-74,True
50a64anos,0,3,357524,3221,86.46358426287466,240.3340577460416,-76.22774132231126,3276.2118664009995,0.0,0.0,True
50a64anos,0,2,357524,5848,86.46358426287466,187.61474008207935,-59.2632997133263,5990.5019366019715,0.0,0.0,True
50a64anos,3,2,3221,5848,240.3340577460416,187.61474008207935,20.044385400608373,7379.8904164118685,4.545648239352475e-87,5.45477788722297e-87,True
5a10SalariosMinimos,1,0,35757,357524,359.25045445647004,190.06324610375808,103.08592680236012,41058.482228347384,0.0,0.0,True
5a10SalariosMinimos,1,3,35757,3221,359.25045445647004,555.8750388078237,-43.144753194622275,4160.404063925,0.0,0.0,True
5a10SalariosMinimos,1,2,35757,5848,359.25045445647004,410.42424760601915,-12.902763986713376,8233.155359242224,1.0062594787435482e-37,1.0062594787435482e-37,True
5a10SalariosMinimos,0,3,357524,3221,190.06324610375808,555.8750388078237,-85.19525352979832,3284.0175844574483,0.0,0.0,True
5a10SalariosMinimos,0,2,357524,5848,190.06324610375808,410.42424760601915,-60.20342703252909,6007.855987992684,0.0,0.0,True
5a10SalariosMinimos,3,2,3221,5848,555.8750388078237,410.42424760601915,25.9266139936751,7426.482921432855,5.952688689105777e-142,7.143226426926932e-142,True
AreaConstruida,1,0,35757,357524,810.9688872108958,428.36111002338305,96.51320935421292,41047.193276054524,0.0,0.0,True
AreaConstruida,1,3,35757,12724,810.9688872108958,1342.0890836215026,-82.59288188984736,27582.55272887629,0.0,0.0,True
AreaConstruida,1,2,35757,5848,810.9688872108958,876.1297024623804,-6.3207004999071605,7835.76742418685,2.74626091470799e-10,2.74626091470799e-10,True
AreaConstruida,0,3,357524,12724,428.36111002338305,1342.0890836215026,-173.48601850162393,13744.666051239034,0.0,0.0,True
AreaConstruida,0,2,357524,5848,428.36111002338305,876.1297024623804,-46.515207863629286,5981.991381838816,0.0,0.0,True
AreaConstruida,3,2,12724,5848,1342.0890836215026,876.1297024623804,42.840252606582105,9383.842446518807,0.0,0.0,True
AreaOcupada,1,0,35757,357524,12372.396713915723,11121.51541442463,18.92323163763803,43610.21641399117,1.5312442810032983e-79,9.18746568601979e-79,True
AreaOcupada,1,3,35757,12724,12372.396713915723,10245.215592963817,17.514177603596632,22667.509505346727,3.1447662552348263e-68,9.434298765704479e-68,True
AreaOcupada,1,2,35757,5848,12372.396713915723,13441.207923850481,-6.338856121082793,7855.4282164456845,2.442552985672e-10,2.442552985672e-10,True
AreaOcupada,0,3,357524,12724,11121.51541442463,10245.215592963817,8.275810821102487,13719.587274890759,1.3927408171903714e-16,1.6712889806284458e-16,True
AreaOcupada,0,2,357524,5848,11121.51541442463,13441.207923850481,-14.703117105085367,6047.017915606161,4.1356248404022896e-48,6.203437260603435e-48,True
AreaOcupada,3,2,12724,5848,10245.215592963817,13441.207923850481,-17.01714376718254,11146.480718213625,3.943599976769196e-64,7.887199953538392e-64,True
AreadaQuadra,1,0,35757,357524,28562.883779205084,30938.086758436886,-13.653079905031117,44938.888654662136,2.3515217602544933e-42,4.7030435205089865e-42,True
AreadaQuadra,1,3,35757,12724,28562.883779205084,23423.30808847551,16.894981604879842,23906.197133081154,1.1475407536917847e-63,3.442622261075354e-63,True
AreadaQuadra,1,2,35757,5848,28562.883779205084,29913.82705048439,-3.12133142073848,7943.067488913947,0.0018068121385545679,0.0021681745662654817,True
AreadaQuadra,0,3,357524,12724,30938.086758436886,23423.30808847551,28.63846627778833,14030.115390031811,2.355361274907087e-175,1.413216764944252e-174,True
AreadaQuadra,0,2,357524,5848,30938.086758436886,29913.82705048439,2.532032926820792,6089.2625729862475,0.011365262180184538,0.01136526218018454,True
AreadaQuadra,3,2,12724,5848,23423.30808847551,29913.82705048439,-13.655505660452457,10778.077673693047,4.190615536999036e-42,6.285923305498554e-42,True
Ate2SalariosMinimos,1,0,35757,357524,109.54036971781748,53.38002623600094,115.00139483114422,41120.04708356046,0.0,0.0,True
Ate2SalariosMinimos,1,3,35757,3221,109.54036971781748,167.4587084756287,-37.8379540923259,3926.641047872184,2.10493375385772e-267,3.15740063078658e-267,True
Ate2SalariosMinimos,1,2,35757,5848,109.54036971781748,136.7923221614227,-21.182164656448492,7771.578274881002,7.33535902878129e-97,8.802430834537549e-97,True
Ate2SalariosMinimos,0,3,357524,3221,53.38002623600094,167.4587084756287,-78.03989882721524,3269.2489311835016,0.0,0.0,True
Ate2SalariosMinimos,0,2,357524,5848,53.38002623600094,136.7923221614227,-69.29288360680131,5979.5881914104075,0.0,0.0,True
Ate2SalariosMinimos,3,2,3221,5848,167.4587084756287,136.7923221614227,16.26779866407107,7224.886659366078,1.8118089598969883e-58,1.8118089598969883e-58,True
Brasileira,1,0,35757,357524,1350.809114299298,789.7787365323727,89.60244774533092,41640.90849521629,0.0,0.0,True
Brasileira,1,3,35757,3221,1350.809114299298,2120.47283452344,-43.12661791819189,4096.050627245979,0.0,0.0,True
Brasileira,1,2,35757,5848,1350.809114299298,1583.296939124487,-15.428383531791686,8236.512791910272,5.783026285337115e-53,5.783026285337115e-53,True
Brasileira,0,3,357524,3221,789.7787365323727,2120.47283452344,-78.81362723674957,3286.22605031683,0.0,0.0,True
Brasileira,0,2,357524,5848,789.7787365323727,1583.296939124487,-57.024204406351636,6025.316434363386,0.0,0.0,True
Brasileira,3,2,3221,5848,2120.47283452344,1583.296939124487,24.701014180305638,7226.262323729058,2.152882324600537e-129,2.5834587895206448e-129,True
CA,1,0,35757,357524,0.07301361551435558,0.03992622507764029,86.53762538311652,40956.86127666782,0.0,0.0,True
CA,1,3,35757,12724,0.07301361551435558,0.1277473354801905,-88.25973244503486,27611.92912336999,0.0,0.0,True
CA,1,2,35757,5848,0.07301361551435558,0.07957900362379139,-6.649009973503168,7872.562050078146,3.147640974140848e-11,3.147640974140848e-11,True
CA,0,3,357524,12724,0.03992622507764029,0.1277473354801905,-173.0148014633867,13729.533861705035,0.0,0.0,True
CA,0,2,357524,5848,0.03992622507764029,0.07957900362379139,-43.058199722446346,5982.081311688783,0.0,0.0,True
CA,3,2,12724,5848,0.1277473354801905,0.07957900362379139,46.21185729121889,9438.27664560966,0.0,0.0,True
Caminhada,1,0,35757,357524,17115.83942910876,32818.7653109055,-201.31785532342877,56772.10189371216,0.0,0.0,True
Caminhada,1,3,35757,12724,17115.83942910876,18111.907547423776,-7.270501588441662,22073.477132923083,3.7009080054711586e-13,3.7009080054711586e-13,True
Caminhada,1,2,35757,5848,17115.83942910876,14572.468684478035,15.681022214905855,8686.428465747296,1.1411724526364663e-54,1.3694069431637594e-54,True
Caminhada,0,3,357524,12724,32818.7653109055,18111.907547423776,119.16985114846307,15144.12732696272,0.0,0.0,True
Caminhada,0,2,357524,5848,32818.7653109055,14572.468684478035,120.92433703616655,6559.385450232641,0.0,0.0,True
Caminhada,3,2,12724,5848,18111.907547423776,14572.468684478035,18.797811807800347,13323.91935098936,7.970089355350354e-78,1.1955134033025531e-77,True
ComercioServicos,1,0,35757,357524,4.485583242442039,2.588307358387129,86.42139510604103,40646.79028196909,0.0,0.0,True
ComercioServicos,1,3,35757,12724,4.485583242442039,3.978230116315624,11.858304298268264,21606.14166637778,2.4553439576754135e-32,2.946412749210496e-32,True
ComercioServicos,1,2,35757,5848,4.485583242442039,5.04343365253078,-9.998592237245509,7964.278416153005,2.1230761803184068e-23,2.1230761803184065e-23,True
ComercioServicos,0,3,357524,12724,2.588307358387129,3.978230116315624,-37.03359731343349,13283.015092840731,8.54938602369178e-286,1.709877204738356e-285,True
ComercioServicos,0,2,357524,5848,2.588307358387129,5.04343365253078,-47.32849882931121,5979.684147009862,0.0,0.0,True
ComercioServicos,3,2,12724,5848,3.978230116315624,5.04343365253078,-16.759829809468243,11995.281433016335,2.451621031454608e-62,3.677431547181912e-62,True
ComercioServicos_pct,1,0,35757,357524,0.08852560337835948,0.05380805204685561,72.8655046334271,40786.79114350349,0.0,0.0,True
ComercioServicos_pct,1,3,35757,12724,0.08852560337835948,0.08095095881798177,8.205366305231667,21727.302611941985,2.4254418682000775e-16,2.910530241840093e-16,True
ComercioServicos_pct,1,2,35757,5848,0.08852560337835948,0.09300701094391245,-3.6119741689825924,7836.97500976006,0.00030577568747021123,0.00030577568747021123,True
ComercioServicos_pct,0,3,357524,12724,0.05380805204685561,0.08095095881798177,-33.558879073162466,13306.530977620649,4.3863523559873654e-237,1.3159057067962096e-236,True
ComercioServicos_pct,0,2,357524,5848,0.05380805204685561,0.09300701094391245,-33.84551889176601,5975.573838458709,6.906235823572267e-230,1.3812471647144534e-229,True
ComercioServicos_pct,3,2,12724,5848,0.08095095881798177,0.09300701094391245,-8.597169663438848,11604.131557158758,9.215571480616882e-18,1.3823357220925323e-17,True
ConcentracaoAreaVerde,1,0,35757,357524,0.0,0.0,0.0,393279.0,1.0,1.0,False
ConcentracaoAreaVerde,1,3,35757,12724,0.0,0.0,0.0,48479.0,1.0,1.0,False
ConcentracaoAreaVerde,1,2,35757,5848,0.0,0.0,0.0,41603.0,1.0,1.0,False
ConcentracaoAreaVerde,0,3,357524,12724,0.0,0.0,0.0,370246.0,1.0,1.0,False
ConcentracaoAreaVerde,0,2,357524,5848,0.0,0.0,0.0,363370.0,1.0,1.0,False
ConcentracaoAreaVerde,3,2,12724,5848,0.0,0.0,0.0,18570.0,1.0,1.0,False
ConcentracaoBOs,1,0,35757,357524,8221.533420029644,6400.845295700428,36.37091553236796,42625.04612024845,2.9033335088680786e-285,5.806667017736157e-285,True
ConcentracaoBOs,1,3,35757,12724,8221.533420029644,3612.15899088337,54.804060281058156,25756.041906225928,0.0,0.0,True
ConcentracaoBOs,1,2,35757,5848,8221.533420029644,8478.36687756498,-2.0434620552789453,7965.023418475174,0.04103955315377898,0.04103955315377898,True
ConcentracaoBOs,0,3,357524,12724,6400.845295700428,3612.15899088337,39.471509756692306,13874.321776771732,0.0,0.0,True
ConcentracaoBOs,0,2,357524,5848,6400.845295700428,8478.36687756498,-17.740112116696636,6031.803739860123,1.114313316297365e-68,1.3371759795568379e-68,True
ConcentracaoBOs,3,2,12724,5848,3612.15899088337,8478.36687756498,-35.989306383328184,10135.50554009788,4.887089267279993e-267,7.330633900919989e-267,True
ConcentracaoIES,1,0,35757,357524,0.0,0.0,0.0,393279.0,1.0,1.0,False
ConcentracaoIES,1,3,35757,12724,0.0,0.0,0.0,48479.0,1.0,1.0,False
ConcentracaoIES,1,2,35757,5848,0.0,0.0,0.0,41603.0,1.0,1.0,False
ConcentracaoIES,0,3,357524,12724,0.0,0.0,0.0,370246.0,1.0,1.0,False
ConcentracaoIES,0,2,357524,5848,0.0,0.0,0.0,363370.0,1.0,1.0,False
ConcentracaoIES,3,2,12724,5848,0.0,0.0,0.0,18570.0,1.0,1.0,False
ConcentracaoPatrimonioHistorico,1,0,35757,357524,0.0,0.0,0.0,393279.0,1.0,1.0,False
ConcentracaoPatrimonioHistorico,1,3,35757,12724,0.0,0.0,0.0,48479.0,1.0,1.0,False
ConcentracaoPatrimonioHistorico,1,2,35757,5848,0.0,0.0,0.0,41603.0,1.0,1.0,False
ConcentracaoPatrimonioHistorico,0,3,357524,12724,0.0,0.0,0.0,370246.0,1.0,1.0,False
ConcentracaoPatrimonioHistorico,0,2,357524,5848,0.0,0.0,0.0,363370.0,1.0,1.0,False
ConcentracaoPatrimonioHistorico,3,2,12724,5848,0.0,0.0,0.0,18570.0,1.0,1.0,False
DeslocamentoBicicleta,1,0,35757,357524,431.25650046205254,456.77070065848585,-8.402916159603162,44775.56506093833,4.481571997835298e-17,4.481571997835298e-17,True
DeslocamentoBicicleta,1,3,35757,12724,431.25650046205254,246.84279166926382,36.97460649331116,26146.876284499107,9.523309520131365e-292,2.8569928560394094e-291,True
DeslocamentoBicicleta,1,2,35757,5848,431.25650046205254,541.7652405475036,-12.792641764850524,7368.506349508301,4.461578924457829e-37,6.692368386686743e-37,True
DeslocamentoBicicleta,0,3,357524,12724,456.77070065848585,246.84279166926382,49.99728005652259,14274.440050818339,0.0,0.0,True
DeslocamentoBicicleta,0,2,357524,5848,456.77070065848585,541.7652405475036,-10.354652630150943,6022.059094449803,6.444978691654112e-25,7.733974429984934e-25,True
DeslocamentoBicicleta,3,2,12724,5848,246.84279166926382,541.7652405475036,-32.365433705087526,8889.252164303642,2.420412917762027e-217,4.840825835524054e-217,True
DeslocamentoCaminhada,1,0,35757,357524,14624.186174029499,30482.99119150033,-199.79835967261712,57300.32142446361,0.0,0.0,True
DeslocamentoCaminhada,1,3,35757,12724,14624.186174029499,11578.142585906446,26.229486072309545,28404.190003800293,7.482239704713571e-150,1.1223359557070358e-149,True
DeslocamentoCaminhada,1,2,35757,5848,14624.186174029499,12417.187513715939,12.926377874210147,8431.677740641773,7.304378153479717e-38,8.76525378417566e-38,True
DeslocamentoCaminhada,0,3,357524,12724,30482.99119150033,11578.142585906446,190.29807833286569,17025.93535974502,0.0,0.0,True
DeslocamentoCaminhada,0,2,357524,5848,30482.99119150033,12417.187513715939,113.05798219447126,6513.119270097332,0.0,0.0,True
DeslocamentoCaminhada,3,2,12724,5848,11578.142585906446,12417.187513715939,-4.638534928413462,10117.831474975497,3.552894421815327e-06,3.5528944218153267e-06,True
DeslocamentoTansporteColetivo,1,0,35757,357524,23187.514792929753,32097.29518882753,-93.44158745962584,43217.711675288716,0.0,0.0,True
DeslocamentoTansporteColetivo,1,3,35757,12724,23187.514792929753,19940.84130456514,18.299959770015164,22388.23619539671,2.8828431124703064e-74,4.3242646687054595e-74,True
DeslocamentoTansporteColetivo,1,2,35757,5848,23187.514792929753,20970.219481103457,8.570369249042493,7585.987013203136,1.2367622283408956e-17,1.4841146740090747e-17,True
DeslocamentoTansporteColetivo,0,3,357524,12724,32097.29518882753,19940.84130456514,78.41035397143051,13644.256687805206,0.0,0.0,True
DeslocamentoTansporteColetivo,0,2,357524,5848,32097.29518882753,20970.219481103457,45.6186172005455,6012.81393094254,0.0,0.0,True
DeslocamentoTansporteColetivo,3,2,12724,5848,19940.84130456514,20970.219481103457,-3.5974089703322614,10624.26997617363,0.0003228628789810359,0.0003228628789810359,True
DeslocamentoVeiculoIndividual,1,0,35757,357524,21820.549076313313,24039.541294674782,-29.249447348781704,42193.22682068375,3.326747552568103e-186,4.9901213288521546e-186,True
DeslocamentoVeiculoIndividual,1,3,35757,12724,21820.549076313313,12840.086357891114,79.57467665872954,31587.940790515204,0.0,0.0,True
DeslocamentoVeiculoIndividual,1,2,35757,5848,21820.549076313313,21974.582385412323,-0.7332661024305162,7527.835584590224,0.46341897877980653,0.4634189787798066,False
DeslocamentoVeiculoIndividual,0,3,357524,12724,24039.541294674782,12840.086357891114,126.00853655703725,14339.971595309364,0.0,0.0,True
DeslocamentoVeiculoIndividual,0,2,357524,5848,24039.541294674782,21974.582385412323,10.417647210834495,5986.089129585084,3.379117437014542e-25,4.0549409244174505e-25,True
DeslocamentoVeiculoIndividual,3,2,12724,5848,12840.086357891114,21974.582385412323,-42.464832887015056,8164.538621697497,0.0,0.0,True
DestinoMotivoEducacao,1,0,35757,357524,9037.590447411536,16174.64017285705,-153.34013770964134,48474.43309990796,0.0,0.0,True
DestinoMotivoEducacao,1,3,35757,12724,9037.590447411536,5920.199268520928,48.89237192476742,34466.65639073856,0.0,0.0,True
DestinoMotivoEducacao,1,2,35757,5848,9037.590447411536,7014.4947954046065,19.289762827489614,8408.492105540829,3.6490453400430515e-81,4.378854408051662e-81,True
DestinoMotivoEducacao,0,3,357524,12724,16174.64017285705,5920.199268520928,204.4478198937516,16514.148354942747,0.0,0.0,True
DestinoMotivoEducacao,0,2,357524,5848,16174.64017285705,7014.4947954046065,94.22949353934537,6247.953331592191,0.0,0.0,True
DestinoMotivoEducacao,3,2,12724,5848,5920.199268520928,7014.4947954046065,-10.272010190817731,8776.413018704903,1.2982717412362339e-24,1.2982717412362339e-24,True
DestinoMotivoOutros,1,0,35757,357524,10931.050481526469,11057.712359871197,-3.33861706130658,42796.89900959965,0.0008426835700411833,0.00101122028404942,True
DestinoMotivoOutros,1,3,35757,12724,10931.050481526469,12168.26147581553,-16.787000774707565,21373.469060470077,7.679681276564506e-63,2.303904382969352e-62,True
DestinoMotivoOutros,1,2,35757,5848,10931.050481526469,10676.704040251589,2.593071140626027,7812.945108224968,0.009530042451291309,0.009530042451291309,True
DestinoMotivoOutros,0,3,357524,12724,11057.712359871197,12168.26147581553,-17.053011629154522,13502.485515007253,1.5708337815127257e-64,9.425002689076355e-64,True
DestinoMotivoOutros,0,2,357524,5848,11057.712359871197,10676.704040251589,4.149656650893475,6023.291787845016,3.375617494624785e-05,5.063426241937177e-05,True
DestinoMotivoOutros,3,2,12724,5848,12168.26147581553,10676.704040251589,13.382297004404833,11752.50248401197,1.5191580750774058e-40,3.0383161501548116e-40,True
DestinoMotivoResidencia,1,0,35757,357524,22973.426011481533,46156.98908366709,-209.7323727665514,55833.6614676645,0.0,0.0,True
DestinoMotivoResidencia,1,3,35757,12724,22973.426011481533,17761.391518979184,35.516870183954275,34152.57824008445,2.379917334898978e-271,3.5698760023484676e-271,True
DestinoMotivoResidencia,1,2,35757,5848,22973.426011481533,18121.03224837189,23.916668391195493,9882.253082873738,6.120030036178615e-123,7.344036043414338e-123,True
DestinoMotivoResidencia,0,3,357524,12724,46156.98908366709,17761.391518979184,237.78722524028393,18589.448698275482,0.0,0.0,True
DestinoMotivoResidencia,0,2,357524,5848,46156.98908366709,18121.03224837189,152.2962194740412,6802.648433653097,0.0,0.0,True
DestinoMotivoResidencia,3,2,12724,5848,17761.391518979184,18121.03224837189,-1.7302280580537954,10386.058063119513,0.08361924262245601,0.08361924262245601,False
DestinoMotivoTrabalhoComercioServico,1,0,35757,357524,15698.111486445838,14035.566923794722,28.066706644904883,39567.70649643391,1.2088734375682928e-171,2.4177468751365856e-171,True
DestinoMotivoTrabalhoComercioServico,1,3,35757,12724,15698.111486445838,11209.062023918003,43.233855052907636,24895.74899143275,0.0,0.0,True
DestinoMotivoTrabalhoComercioServico,1,2,35757,5848,15698.111486445838,16091.445874576855,-2.267588516140996,7376.922265976295,0.023383098208339434,0.023383098208339434,True
DestinoMotivoTrabalhoComercioServico,0,3,357524,12724,14035.566923794722,11209.062023918003,32.38032262686901,13323.418754804357,1.76428118735148e-221,5.29284356205444e-221,True
DestinoMotivoTrabalhoComercioServico,0,2,357524,5848,14035.566923794722,16091.445874576855,-12.528679904901121,5923.1865543884405,1.4643931030685803e-35,1.7572717236822964e-35,True
DestinoMotivoTrabalhoComercioServico,3,2,12724,5848,11209.062023918003,16091.445874576855,-26.401299636834953,9226.174570158084,3.824260779197323e-148,5.736391168795985e-148,True
DestinoMotivotrabalhoindustria,1,0,35757,357524,1743.4999197079133,2030.6181636328895,-28.73825748302353,42857.490146857934,6.516537382656387e-180,1.3033074765312772e-179,True
DestinoMotivotrabalhoindustria,1,3,35757,12724,1743.4999197079133,1179.7482134822096,37.12746368731535,30199.05451073958,4.423221114521479e-295,1.3269663343564437e-294,True
DestinoMotivotrabalhoindustria,1,2,35757,5848,1743.4999197079133,1830.637772589876,-3.1188697422915475,7473.49537572865,0.0018223650565525765,0.0018223650565525765,True
DestinoMotivotrabalhoindustria,0,3,357524,12724,2030.6181636328895,1179.7482134822096,69.91382746226579,14355.482654099505,0.0,0.0,True
DestinoMotivotrabalhoindustria,0,2,357524,5848,2030.6181636328895,1830.637772589876,7.568621174763676,5995.2285910177725,4.3418969158252795e-14,5.210276298990335e-14,True
DestinoMotivotrabalhoindustria,3,2,12724,5848,1179.7482134822096,1830.637772589876,-22.60793055792218,8295.133554192402,7.192988381463366e-110,1.078948257219505e-109,True
DistanciaAceleradoraIncubadora,1,0,35757,357523,881.3244224867244,1755.4660587447797,-212.83600186568137,62775.61071601622,0.0,0.0,True
DistanciaAceleradoraIncubadora,1,3,35757,12724,881.3244224867244,47.41286910921596,228.28859897180885,39393.48257038893,0.0,0.0,True
DistanciaAceleradoraIncubadora,1,2,35757,5848,881.3244224867244,516.633528711929,96.00230552158737,41492.82793221586,0.0,0.0,True
DistanciaAceleradoraIncubadora,0,3,357523,12724,1755.4660587447797,47.41286910921596,772.4101856398977,277615.53667404485,0.0,0.0,True
DistanciaAceleradoraIncubadora,0,2,357523,5848,1755.4660587447797,516.633528711929,506.7194815269612,61054.891994032994,0.0,0.0,True
DistanciaAceleradoraIncubadora,3,2,12724,5848,47.41286910921596,516.633528711929,-299.63559195863394,10508.788481201735,0.0,0.0,True
DistanciaAreasVerdes,1,0,35757,357524,1416.6480928618962,1510.920251723234,-20.447813259131294,44887.67301742366,1.6611676173023723e-92,2.4917514259535584e-92,True
DistanciaAreasVerdes,1,3,35757,12724,1416.6480928618962,295.2139282730214,163.88919577026974,30843.266628381487,0.0,0.0,True
DistanciaAreasVerdes,1,2,35757,5848,1416.6480928618962,1403.0490400412023,1.2713748115271648,8346.140310104402,0.2036307683970608,0.20363076839706076,False
DistanciaAreasVerdes,0,3,357524,12724,1510.920251723234,295.2139282730214,221.35360757097465,14905.22215486221,0.0,0.0,True
DistanciaAreasVerdes,0,2,357524,5848,1510.920251723234,1403.0490400412023,10.91036183942149,6131.953921482633,1.8366879309879465e-27,2.204025517185536e-27,True
DistanciaAreasVerdes,3,2,12724,5848,295.2139282730214,1403.0490400412023,-99.76056717686028,9391.157039608323,0.0,0.0,True
DistanciaPatrimonioHistorico,1,0,35757,357524,892.1073811170318,1878.5519962352616,-175.56371782899834,51575.348003220344,0.0,0.0,True
DistanciaPatrimonioHistorico,1,3,35757,12724,892.1073811170318,89.12365027577226,142.94585292812627,46373.35603893915,0.0,0.0,True
DistanciaPatrimonioHistorico,1,2,35757,5848,892.1073811170318,711.8519996699911,16.601351648580664,9544.681290129862,4.8677845814444754e-61,4.8677845814444754e-61,True
DistanciaPatrimonioHistorico,0,3,357524,12724,1878.5519962352616,89.12365027577226,548.0386638018273,49271.62851438994,0.0,0.0,True
DistanciaPatrimonioHistorico,0,2,357524,5848,1878.5519962352616,711.8519996699911,118.46076137634431,6547.488580358395,0.0,0.0,True
DistanciaPatrimonioHistorico,3,2,12724,5848,89.12365027577226,711.8519996699911,-63.233525659105965,6535.705814062171,0.0,0.0,True
DistanciaStartup,1,0,35757,357523,559.0078684573293,5933.241183343221,-716.2272808330332,370190.6950377805,0.0,0.0,True
DistanciaStartup,1,3,35757,12724,559.0078684573293,28.596909421393477,456.89742102414925,47555.47106953045,0.0,0.0,True
DistanciaStartup,1,2,35757,5848,559.0078684573293,352.981204525458,134.76486854803386,17957.6044438006,0.0,0.0,True
DistanciaStartup,0,3,357523,12724,5933.241183343221,28.596909421393477,792.6060196204908,360795.95466542867,0.0,0.0,True
DistanciaStartup,0,2,357523,5848,5933.241183343221,352.981204525458,742.4727031641983,362481.7914524148,0.0,0.0,True
DistanciaStartup,3,2,12724,5848,28.596909421393477,352.981204525458,-262.1096288093127,8452.335068630076,0.0,0.0,True
DistanciaTransportePublico,1,0,35438,356806,1225.8459827993047,2375.459985023606,-186.32767646732307,54321.13916439532,0.0,0.0,True
DistanciaTransportePublico,1,3,35438,12407,1225.8459827993047,1340.6600357007733,-8.14994356251186,17152.71350012583,3.8895691541741803e-16,3.889569154174181e-16,True
DistanciaTransportePublico,1,2,35438,5810,1225.8459827993047,853.5773080495753,35.29333448658468,10812.143606682615,2.362429393773751e-258,3.5436440906606266e-258,True
DistanciaTransportePublico,0,3,356806,12407,2375.459985023606,1340.6600357007733,78.1753827675212,13524.851654273907,0.0,0.0,True
DistanciaTransportePublico,0,2,356806,5810,2375.459985023606,853.5773080495753,162.22489608763973,6925.183861634514,0.0,0.0,True
DistanciaTransportePublico,3,2,12407,5810,1340.6600357007733,853.5773080495753,30.90452239475812,18212.413131029236,1.917057321357871e-204,2.3004687856294454e-204,True
EmpresaGrandePorte,1,0,35757,357524,706.9090667561596,397.0932804511026,84.55811479466213,41120.57484006514,0.0,0.0,True
EmpresaGrandePorte,1,3,35757,3221,706.9090667561596,1120.0110214219187,-37.585005962670756,4002.4498689541147,4.7104557269110925e-265,7.065683590366639e-265,True
EmpresaGrandePorte,1,2,35757,5848,706.9090667561596,809.000598495212,-11.443298989784003,8185.689676539755,4.2991241660346926e-30,4.2991241660346926e-30,True
EmpresaGrandePorte,0,3,357524,3221,397.0932804511026,1120.0110214219187,-69.1795910929797,3274.3170501524596,0.0,0.0,True
EmpresaGrandePorte,0,2,357524,5848,397.0932804511026,809.000598495212,-49.955481728622445,6006.62511368285,0.0,0.0,True
EmpresaGrandePorte,3,2,3221,5848,1120.0110214219187,809.000598495212,23.48544985655598,6971.527579415399,1.89572481392042e-117,2.274869776704504e-117,True
EmpresaMedioPorte,1,0,35757,357524,496.20993092261654,299.6854015394771,89.11910831890529,41536.710711146,0.0,0.0,True
EmpresaMedioPorte,1,3,35757,3221,496.20993092261654,779.3978578081342,-44.420333796398964,4068.371441135002,0.0,0.0,True
EmpresaMedioPorte,1,2,35757,5848,496.20993092261654,606.3143809849521,-19.884027627223784,7998.910267071415,6.497098065534139e-86,6.497098065534139e-86,True
EmpresaMedioPorte,0,3,357524,3221,299.6854015394771,779.3978578081342,-79.41887746128975,3283.11861764739,0.0,0.0,True
EmpresaMedioPorte,0,2,357524,5848,299.6854015394771,606.3143809849521,-59.5603336457679,6005.638808270839,0.0,0.0,True
EmpresaMedioPorte,3,2,3221,5848,779.3978578081342,606.3143809849521,21.931417303558764,7425.651374928449,2.3544938382269573e-103,2.825392605872349e-103,True
EmpresaPequenoPorte,1,0,35757,357524,103.56862991861733,62.2710615231425,95.03422373844614,41455.52326862562,0.0,0.0,True
EmpresaPequenoPorte,1,3,35757,3221,103.56862991861733,158.79152437131324,-39.836692331032076,3895.476997360845,2.0207887161796192e-291,3.0311830742694288e-291,True
EmpresaPequenoPorte,1,2,35757,5848,103.56862991861733,121.05403556771546,-15.120169792817409,7715.791627048413,6.367903995900656e-51,6.367903995900656e-51,True
EmpresaPequenoPorte,0,3,357524,3221,62.2710615231425,158.79152437131324,-72.75860721598652,3270.0240230256995,0.0,0.0,True
EmpresaPequenoPorte,0,2,357524,5848,62.2710615231425,121.05403556771546,-54.21720671213614,5983.768111331583,0.0,0.0,True
EmpresaPequenoPorte,3,2,3221,5848,158.79152437131324,121.05403556771546,22.12850414133592,7180.136089086572,5.1131980948438295e-105,6.135837713812596e-105,True
EnsinoMedioCompleto,1,0,35757,357524,138.73807925720837,88.05489841241427,76.78256464742445,41820.453402494764,0.0,0.0,True
EnsinoMedioCompleto,1,3,35757,3221,138.73807925720837,188.5502949394598,-22.795147635496033,3837.5915173054796,5.6190324852864916e-108,8.428548727929737e-108,True
EnsinoMedioCompleto,1,2,35757,5848,138.73807925720837,150.7608584131327,-7.151916750360918,7916.377809474936,9.32094527381333e-13,9.32094527381333e-13,True
EnsinoMedioCompleto,0,3,357524,3221,88.05489841241427,188.5502949394598,-47.880142217999875,3268.732476770352,0.0,0.0,True
EnsinoMedioCompleto,0,2,357524,5848,88.05489841241427,150.7608584131327,-40.01106472404797,6007.140592285033,0.0,0.0,True
EnsinoMedioCompleto,3,2,3221,5848,188.5502949394598,150.7608584131327,14.496280157140047,6652.78029112172,6.598650508072295e-47,7.918380609686753e-47,True
EnsinoSuperiorCompleto,1,0,35757,357524,1029.8213147076096,563.6897082433627,97.17995263455214,41742.8070907402,0.0,0.0,True
EnsinoSuperiorCompleto,1,3,35757,3221,1029.8213147076096,1632.6792145296492,-44.21510673366493,4100.419051234855,0.0,0.0,True
EnsinoSuperiorCompleto,1,2,35757,5848,1029.8213147076096,1211.1608242134064,-15.795733440972834,8266.29010599604,2.139573991702034e-55,2.139573991702034e-55,True
EnsinoSuperiorCompleto,0,3,357524,3221,563.6897082433627,1632.6792145296492,-82.8853368392848,3287.661606990029,0.0,0.0,True
EnsinoSuperiorCompleto,0,2,357524,5848,563.6897082433627,1211.1608242134064,-61.117275059329195,6030.468037713224,0.0,0.0,True
EnsinoSuperiorCompleto,3,2,3221,5848,1632.6792145296492,1211.1608242134064,25.412614474918396,7205.995025024901,1.6327986770569123e-136,1.959358412468295e-136,True
Estrangeira,1,0,35757,357524,16.535118997678776,11.81757868003267,49.361401255625864,42254.45208722511,0.0,0.0,True
Estrangeira,1,3,35757,3221,16.535118997678776,25.18410431542999,-28.27892134866952,3883.2146536181217,3.891572162798853e-160,5.837358244198279e-160,True
Estrangeira,1,2,35757,5848,16.535118997678776,18.993544801641587,-10.92800366282375,8351.289855619125,1.3018780314110887e-27,1.3018780314110889e-27,True
Estrangeira,0,3,357524,3221,11.81757868003267,25.18410431542999,-45.611987150519816,3275.8229205574353,0.0,0.0,True
Estrangeira,0,2,357524,5848,11.81757868003267,18.993544801641587,-34.62756065485128,6052.335054853362,7.079798882646542e-240,1.4159597765293083e-239,True
Estrangeira,3,2,3221,5848,25.18410431542999,18.993544801641587,17.347030741985886,6345.271869098333,6.755001427148645e-66,8.106001712578373e-66,True
Feminino,1,0,35757,357524,448.41884106608495,269.3851056152874,85.75760669507326,41841.38612415895,0.0,0.0,True
Feminino,1,3,35757,3221,448.41884106608495,712.0897236882955,-43.765448307220645,4068.269838448268,0.0,0.0,True
Feminino,1,2,35757,5848,448.41884106608495,527.6638166894664,-15.700082360928402,8201.756284655487,9.420603530936643e-55,9.420603530936644e-55,True
Feminino,0,3,357524,3221,269.3851056152874,712.0897236882955,-77.5371043556048,3286.343397869178,0.0,0.0,True
Feminino,0,2,357524,5848,269.3851056152874,527.6638166894664,-55.34311487243185,6028.689901687388,0.0,0.0,True
Feminino,3,2,3221,5848,712.0897236882955,527.6638166894664,25.163100981379376,7177.033352392441,5.696282360848776e-134,6.83553883301853e-134,True
FracaoIdeal,1,0,35757,357524,1.0,1.0,0.0,393279.0,1.0,1.0,False
FracaoIdeal,1,3,35757,12724,1.0,1.0,0.0,48479.0,1.0,1.0,False
FracaoIdeal,1,2,35757,5848,1.0,1.0,0.0,41603.0,1.0,1.0,False
FracaoIdeal,0,3,357524,12724,1.0,1.0,0.0,370246.0,1.0,1.0,False
FracaoIdeal,0,2,357524,5848,1.0,1.0,0.0,363370.0,1.0,1.0,False
FracaoIdeal,3,2,12724,5848,1.0,1.0,0.0,18570.0,1.0,1.0,False
Maisde10SalariosMinimos,1,0,35757,357524,439.20356853203566,323.54109514326314,46.14216312380172,42206.8465290249,0.0,0.0,True
Maisde10SalariosMinimos,1,3,35757,3221,439.20356853203566,654.2204284383731,-26.950226903350774,3891.9507099252314,7.933169243013889e-147,1.5866338486027775e-146,True
Maisde10SalariosMinimos,1,2,35757,5848,439.20356853203566,468.3066005471956,-4.882701548643467,8289.37470935267,1.0659849879890413e-06,1.0659849879890413e-06,True
Maisde10SalariosMinimos,0,3,357524,3221,323.54109514326314,654.2204284383731,-43.28086703680477,3276.1304210269286,1e-323,3e-323,True
Maisde10SalariosMinimos,0,2,357524,5848,323.54109514326314,468.3066005471956,-26.321879542693505,6046.088689271353,1.1734657413660334e-144,1.7601986120490502e-144,True
Maisde10SalariosMinimos,3,2,3221,5848,654.2204284383731,468.3066005471956,19.861652937616913,6443.338779649442,2.9801856025820267e-85,3.576222723098432e-85,True
Maisde2Baldeacoes,1,0,35757,357524,2302.402367579424,2884.529203556255,-45.96243597387671,44170.771599671534,0.0,0.0,True
Maisde2Baldeacoes,1,3,35757,12724,2302.402367579424,2158.8186328683937,5.372395043787604,19530.78193124287,7.858699767915132e-08,1.17880496518727e-07,True
Maisde2Baldeacoes,1,2,35757,5848,2302.402367579424,2318.905830479488,-0.47062002756351445,7482.436889304884,0.6379258210644954,0.6379258210644954,False
Maisde2Baldeacoes,0,3,357524,12724,2884.529203556255,2158.8186328683937,29.972837712602537,13454.94715016221,3.948697550896207e-191,1.1846092652688623e-190,True
Maisde2Baldeacoes,0,2,357524,5848,2884.529203556255,2318.905830479488,17.041232320033416,6022.547064546902,1.2359993190712577e-63,2.4719986381425154e-63,True
Maisde2Baldeacoes,3,2,12724,5848,2158.8186328683937,2318.905830479488,-3.934458244924429,12070.857488203645,8.385165659263614e-05,0.00010062198791116338,True
Maisde65anos,1,0,35757,357524,15.722166289118215,8.202987771450308,96.61187896728848,40681.91539058913,0.0,0.0,True
Maisde65anos,1,3,35757,3221,15.722166289118215,26.41912449549829,-48.46887182428231,4119.311064375325,0.0,0.0,True
Maisde65anos,1,2,35757,5848,15.722166289118215,20.15073529411765,-22.214914895530633,7922.529318496558,4.074141823206306e-106,4.074141823206306e-106,True
Maisde65anos,0,3,357524,3221,8.202987771450308,26.41912449549829,-87.43047334178087,3277.093693005417,0.0,0.0,True
Maisde65anos,0,2,357524,5848,8.202987771450308,20.15073529411765,-64.3775135211423,5978.107320748298,0.0,0.0,True
Maisde65anos,3,2,3221,5848,26.41912449549829,20.15073529411765,22.576035264693292,7684.056252771733,2.5246229871065947e-109,3.0295475845279136e-109,True
Masculino,1,0,35757,357524,908.9000195765864,525.2996917689442,90.77748524694563,41487.95956017036,0.0,0.0,True
Masculino,1,3,35757,3221,908.9000195765864,1419.1102142191867,-42.63141868263129,4111.410906461798,0.0,0.0,True
Masculino,1,2,35757,5848,908.9000195765864,1066.6740766073872,-15.492714478643453,8233.857147365929,2.19223794790923e-53,2.19223794790923e-53,True
Masculino,0,3,357524,3221,525.2996917689442,1419.1102142191867,-79.01986941815693,3285.630768722969,0.0,0.0,True
Masculino,0,2,357524,5848,525.2996917689442,1066.6740766073872,-57.57318140371833,6020.612167219746,0.0,0.0,True
Masculino,3,2,3221,5848,1419.1102142191867,1066.6740766073872,24.103544592582875,7277.590867182074,1.4460148348319043e-123,1.735217801798285e-123,True
MestradoDoutoradoCompleto,1,0,35757,357524,23.67700030763207,9.959499222429823,116.2275910256503,40791.815592573585,0.0,0.0,True
MestradoDoutoradoCompleto,1,3,35757,3221,23.67700030763207,38.36370692331574,-44.88069629016669,4167.483601579785,0.0,0.0,True
MestradoDoutoradoCompleto,1,2,35757,5848,23.67700030763207,30.110379616963066,-21.734251308522765,8029.9687664980565,8.026545989665134e-102,9.631855187598161e-102,True
MestradoDoutoradoCompleto,0,3,357524,3221,9.959499222429823,38.36370692331574,-92.18540808605184,3281.3098394696185,0.0,0.0,True
MestradoDoutoradoCompleto,0,2,357524,5848,9.959499222429823,30.110379616963066,-73.35110692953131,5987.555034385689,0.0,0.0,True
MestradoDoutoradoCompleto,3,2,3221,5848,38.36370692331574,30.110379616963066,20.098649326720388,7688.992821902847,1.3106965169433953e-87,1.3106965169433953e-87,True
NaoMapeado,1,0,35757,357524,982.7060558575741,634.3491495237093,53.75104791939677,41207.07429796199,0.0,0.0,True
NaoMapeado,1,3,35757,12724,982.7060558575741,2193.867905429924,-119.306111022911,29166.44120200918,0.0,0.0,True
NaoMapeado,1,2,35757,5848,982.7060558575741,1065.401415392578,-4.937526879923313,7861.669169155449,8.074893422310045e-07,8.074893422310045e-07,True
NaoMapeado,0,3,357524,12724,634.3491495237093,2193.867905429924,-190.76843719974647,13896.94857238585,0.0,0.0,True
NaoMapeado,0,2,357524,5848,634.3491495237093,1065.401415392578,-27.57953597398851,5987.695734464129,9.934746141008643e-158,1.1921695369210372e-157,True
NaoMapeado,3,2,12724,5848,2193.867905429924,1065.401415392578,64.58047692988997,9062.652962798733,0.0,0.0,True
Numero_Viagens,1,0,35757,357524,63811.23381395749,84804.99446085721,-99.44590784446126,46434.51705231834,0.0,0.0,True
Numero_Viagens,1,3,35757,12724,63811.23381395749,65619.68384123001,-4.218177562586827,20000.053584013658,2.4736868807625826e-05,2.4736868807625823e-05,True
Numero_Viagens,1,2,35757,5848,63811.23381395749,59278.37679298566,8.63315835174111,7902.083479973151,7.140156126729392e-18,8.568187352075271e-18,True
Numero_Viagens,0,3,357524,12724,84804.99446085721,65619.68384123001,49.49732661392558,13707.132275791208,0.0,0.0,True
Numero_Viagens,0,2,357524,5848,84804.99446085721,59278.37679298566,51.87864130893731,6121.800810967805,0.0,0.0,True
Numero_Viagens,3,2,12724,5848,65619.68384123001,59278.37679298566,10.26874281507565,12959.705810552186,1.2113181940175323e-24,1.8169772910262983e-24,True
NumerodePavimentos,1,0,35757,357524,1.816205229366099,1.2879092433943977,109.20956040386271,39985.94650324983,0.0,0.0,True
NumerodePavimentos,1,3,35757,12724,1.816205229366099,1.7679507043307736,4.287839072103137,18386.203270358048,1.8133922513027198e-05,1.8133922513027198e-05,True
NumerodePavimentos,1,2,35757,5848,1.816205229366099,2.091655266757866,-20.84633337460651,7640.753408125455,6.520109316135654e-94,9.78016397420348e-94,True
NumerodePavimentos,0,3,357524,12724,1.2879092433943977,1.7679507043307736,-46.669947665537826,13035.469856600792,0.0,0.0,True
NumerodePavimentos,0,2,357524,5848,1.2879092433943977,2.091655266757866,-64.82162596465803,5945.2704985473765,0.0,0.0,True
NumerodePavimentos,3,2,12724,5848,1.7679507043307736,2.091655266757866,-20.19248263967362,13661.12571649531,2.2846279420300834e-89,2.7415535304361003e-89,True
OrigemMotivoEducacao,1,0,35757,357524,8047.024508502253,17821.783693592763,-227.46014279232838,60225.581248950366,0.0,0.0,True
OrigemMotivoEducacao,1,3,35757,12724,8047.024508502253,5641.722582188516,42.75956977376961,33800.726149019,0.0,0.0,True
OrigemMotivoEducacao,1,2,35757,5848,8047.024508502253,5909.743576868111,29.03028650538277,10500.749381246167,2.665449656235787e-178,3.1985395874829446e-178,True
OrigemMotivoEducacao,0,3,357524,12724,17821.783693592763,5641.722582188516,260.9786412871558,19716.246822002944,0.0,0.0,True
OrigemMotivoEducacao,0,2,357524,5848,17821.783693592763,5909.743576868111,178.88771390550485,7169.975906782116,0.0,0.0,True
OrigemMotivoEducacao,3,2,12724,5848,5641.722582188516,5909.743576868111,-3.534033867145171,11094.537280420718,0.0004109342031157613,0.0004109342031157613,True
OrigemMotivoOutros,1,0,35757,357524,10040.703655051313,13374.357967738124,-97.5203607358351,46279.78053905426,0.0,0.0,True
OrigemMotivoOutros,1,3,35757,12724,10040.703655051313,11570.358805086478,-22.22321764496323,20181.667025597206,4.053716442098516e-108,6.0805746631477736e-108,True
OrigemMotivoOutros,1,2,35757,5848,10040.703655051313,9444.145850293822,6.986176275216443,7884.472480233472,3.054798396864523e-12,3.054798396864523e-12,True
OrigemMotivoOutros,0,3,357524,12724,13374.357967738124,11570.358805086478,29.05892308854492,13717.323884147589,3.234536942019376e-180,6.469073884038752e-180,True
OrigemMotivoOutros,0,2,357524,5848,13374.357967738124,9444.145850293822,49.09732598836046,6115.759150641181,0.0,0.0,True
OrigemMotivoOutros,3,2,12724,5848,11570.358805086478,9444.145850293822,21.28650459755023,12767.252520109107,7.824801179327301e-99,9.389761415192762e-99,True
OrigemMotivoResidencia,1,0,35757,357524,30524.70227469783,36491.51471175385,-51.17640826823583,41281.596735529674,0.0,0.0,True
OrigemMotivoResidencia,1,3,35757,12724,30524.70227469783,22863.97636900778,37.504199896063504,24546.846162386846,2.1786878484427423e-299,4.3573756968854846e-299,True
OrigemMotivoResidencia,1,2,35757,5848,30524.70227469783,29712.810288597346,2.4412065252332655,7434.052330982747,0.014661447894621742,0.01466144789462174,True
OrigemMotivoResidencia,0,3,357524,12724,36491.51471175385,22863.97636900778,78.65047797078307,13563.859693524493,0.0,0.0,True
OrigemMotivoResidencia,0,2,357524,5848,36491.51471175385,29712.810288597346,21.55434148851475,5960.463672294468,2.7419694097149615e-99,4.112954114572442e-99,True
OrigemMotivoResidencia,3,2,12724,5848,22863.97636900778,29712.810288597346,-19.2155847038681,9450.376792520603,9.396761272041867e-81,1.1276113526450241e-80,True
OrigemMotivoTrabalhoComercioServico,1,0,35757,357524,12548.427600296385,19584.5939521156,-136.84039139229503,48468.56710277941,0.0,0.0,True
OrigemMotivoTrabalhoComercioServico,1,3,35757,12724,12548.427600296385,9543.228974901569,37.65930361130983,27675.902964118017,1.0101454056270767e-302,1.515218108440615e-302,True
OrigemMotivoTrabalhoComercioServico,1,2,35757,5848,12548.427600296385,11559.60196089985,7.8400865879790285,7917.089106056019,5.089253924782634e-15,5.0892539247826346e-15,True
OrigemMotivoTrabalhoComercioServico,0,3,357524,12724,19584.5939521156,9543.228974901569,150.08166451905282,15159.98664052517,0.0,0.0,True
OrigemMotivoTrabalhoComercioServico,0,2,357524,5848,19584.5939521156,11559.60196089985,67.78537486463729,6173.874686665259,0.0,0.0,True
OrigemMotivoTrabalhoComercioServico,3,2,12724,5848,9543.228974901569,11559.60196089985,-15.138947205741347,9496.374914897422,3.5376472694923573e-51,4.245176723390829e-51,True
OrigemMotivotrabalhoindustria,1,0,35757,357524,1341.2349802942072,2764.122925406431,-183.0850108025589,57153.217014568196,0.0,0.0,True
OrigemMotivotrabalhoindustria,1,3,35757,12724,1341.2349802942072,988.730368827809,31.993832961120336,29991.42414823918,6.911712874542363e-221,1.0367569311813544e-220,True
OrigemMotivotrabalhoindustria,1,2,35757,5848,1341.2349802942072,1114.2483045173915,13.691205524970613,8492.020010113076,3.210864692605919e-42,3.853037631127103e-42,True
OrigemMotivotrabalhoindustria,0,3,357524,12724,2764.122925406431,988.730368827809,190.79254873631663,17500.06744486692,0.0,0.0,True
OrigemMotivotrabalhoindustria,0,2,357524,5848,2764.122925406431,1114.2483045173915,106.48577912803846,6523.726870654602,0.0,0.0,True
OrigemMotivotrabalhoindustria,3,2,12724,5848,988.730368827809,1114.2483045173915,-7.234090931723663,9786.33022157795,5.03825356628368e-13,5.03825356628368e-13,True
OutrosUsos,1,0,35757,357524,3.7480772995497387,3.6053593604904846,5.981134671432707,43992.93917630566,2.2329479535990533e-09,2.679537544318864e-09,True
OutrosUsos,1,3,35757,12724,3.7480772995497387,1.7158126375353662,58.79892767179149,32525.40411162092,0.0,0.0,True
OutrosUsos,1,2,35757,5848,3.7480772995497387,3.389107387140903,6.181440330974865,8090.58833575993,6.659626010566017e-10,9.989439015849025e-10,True
OutrosUsos,0,3,357524,12724,3.6053593604904846,1.7158126375353662,69.55625333272626,14910.886608487126,0.0,0.0,True
OutrosUsos,0,2,357524,5848,3.6053593604904846,3.389107387140903,4.004830225584429,6079.776062479092,6.280180022632213e-05,6.280180022632213e-05,True
OutrosUsos,3,2,12724,5848,1.7158126375353662,3.389107387140903,-28.11964238107656,8738.597503979256,1.2561245330251114e-166,2.512249066050223e-166,True
OutrosUsos_pct,1,0,35757,357524,0.09443409682020303,0.09486630268177801,-0.6241330636025226,43230.85589329512,0.532543494985781,0.532543494985781,False
OutrosUsos_pct,1,3,35757,12724,0.09443409682020303,0.042890600440113176,49.75428915470499,30930.394688890035,0.0,0.0,True
OutrosUsos_pct,1,2,35757,5848,0.09443409682020303,0.07650991792065663,10.822861311685276,8217.42063295761,4.085168582590856e-27,4.9022022991090274e-27,True
OutrosUsos_pct,0,3,357524,12724,0.09486630268177801,0.042890600440113176,62.98548336126495,14522.738787429103,0.0,0.0,True
OutrosUsos_pct,0,2,357524,5848,0.09486630268177801,0.07650991792065663,11.973000380927726,6070.285815691893,1.1455960014882698e-32,1.7183940022324048e-32,True
OutrosUsos_pct,3,2,12724,5848,0.042890600440113176,0.07650991792065663,-19.59314004121588,9201.164064419969,8.887158916719007e-84,1.7774317833438015e-83,True
ResidencialAltoPadraoHor,1,0,35757,357524,0.0,0.0,0.0,393279.0,1.0,1.0,False
ResidencialAltoPadraoHor,1,3,35757,12724,0.0,0.0,0.0,48479.0,1.0,1.0,False
ResidencialAltoPadraoHor,1,2,35757,5848,0.0,0.0,0.0,41603.0,1.0,1.0,False
ResidencialAltoPadraoHor,0,3,357524,12724,0.0,0.0,0.0,370246.0,1.0,1.0,False
ResidencialAltoPadraoHor,0,2,357524,5848,0.0,0.0,0.0,363370.0,1.0,1.0,False
ResidencialAltoPadraoHor,3,2,12724,5848,0.0,0.0,0.0,18570.0,1.0,1.0,False
ResidencialAltoPadraoHor_pct,1,0,35757,357524,0.0,0.0,0.0,393279.0,1.0,1.0,False
ResidencialAltoPadraoHor_pct,1,3,35757,12724,0.0,0.0,0.0,48479.0,1.0,1.0,False
ResidencialAltoPadraoHor_pct,1,2,35757,5848,0.0,0.0,0.0,41603.0,1.0,1.0,False
ResidencialAltoPadraoHor_pct,0,3,357524,12724,0.0,0.0,0.0,370246.0,1.0,1.0,False
ResidencialAltoPadraoHor_pct,0,2,357524,5848,0.0,0.0,0.0,363370.0,1.0,1.0,False
ResidencialAltoPadraoHor_pct,3,2,12724,5848,0.0,0.0,0.0,18570.0,1.0,1.0,False
ResidencialAltoPadraoVert,1,0,35757,357524,0.0,0.0,0.0,393279.0,1.0,1.0,False
ResidencialAltoPadraoVert,1,3,35757,12724,0.0,0.0,0.0,48479.0,1.0,1.0,False
ResidencialAltoPadraoVert,1,2,35757,5848,0.0,0.0,0.0,41603.0,1.0,1.0,False
ResidencialAltoPadraoVert,0,3,357524,12724,0.0,0.0,0.0,370246.0,1.0,1.0,False
ResidencialAltoPadraoVert,0,2,357524,5848,0.0,0.0,0.0,363370.0,1.0,1.0,False
ResidencialAltoPadraoVert,3,2,12724,5848,0.0,0.0,0.0,18570.0,1.0,1.0,False
ResidencialAltoPadraoVert_pct,1,0,35757,357524,0.0,0.0,0.0,393279.0,1.0,1.0,False
ResidencialAltoPadraoVert_pct,1,3,35757,12724,0.0,0.0,0.0,48479.0,1.0,1.0,False
ResidencialAltoPadraoVert_pct,1,2,35757,5848,0.0,0.0,0.0,41603.0,1.0,1.0,False
ResidencialAltoPadraoVert_pct,0,3,357524,12724,0.0,0.0,0.0,370246.0,1.0,1.0,False
ResidencialAltoPadraoVert_pct,0,2,357524,5848,0.0,0.0,0.0,363370.0,1.0,1.0,False
ResidencialAltoPadraoVert_pct,3,2,12724,5848,0.0,0.0,0.0,18570.0,1.0,1.0,False
ResidencialMedioPadraoHor,1,0,35757,357524,19.998224123947757,23.367457848983566,-30.10085372245968,43765.629557061526,4.8699235894875766e-197,1.460977076846273e-196,True
ResidencialMedioPadraoHor,1,3,35757,12724,19.998224123947757,17.840341087708268,10.62499213927937,22994.662544025447,2.6244109210829326e-26,3.936616381624399e-26,True
ResidencialMedioPadraoHor,1,2,35757,5848,19.998224123947757,18.525051299589602,5.421208174071415,8111.84305496658,6.08992171550756e-08,7.307906058609072e-08,True
ResidencialMedioPadraoHor,0,3,357524,12724,23.367457848983566,17.840341087708268,31.3209962634298,13772.437216755538,4.393423316431845e-208,2.636053989859107e-207,True
ResidencialMedioPadraoHor,0,2,357524,5848,23.367457848983566,18.525051299589602,19.18075050052675,6075.607262918316,1.1675936380271001e-79,2.3351872760542003e-79,True
ResidencialMedioPadraoHor,3,2,12724,5848,17.840341087708268,18.525051299589602,-2.251850384083278,11566.418477502799,0.02435040941781606,0.02435040941781606,True
ResidencialMedioPadraoHor_pct,1,0,35757,357524,0.3538479178902033,0.4425636600619818,-49.33358093718852,42106.92304632953,0.0,0.0,True
ResidencialMedioPadraoHor_pct,1,3,35757,12724,0.3538479178902033,0.35377161270040863,0.021773443496999775,21395.26282902831,0.982628881227231,0.9826288812272311,False
ResidencialMedioPadraoHor_pct,1,2,35757,5848,0.3538479178902033,0.2781908344733242,17.522191358432494,8233.606715775275,1.6134807829754278e-67,2.420221174463142e-67,True
ResidencialMedioPadraoHor_pct,0,3,357524,12724,0.4425636600619818,0.35377161270040863,28.720993975207147,13429.514871650064,4.151902081712768e-176,8.303804163425536e-176,True
ResidencialMedioPadraoHor_pct,0,2,357524,5848,0.4425636600619818,0.2781908344733242,41.19720823768866,6038.836015414201,0.0,0.0,True
ResidencialMedioPadraoHor_pct,3,2,12724,5848,0.35377161270040863,0.2781908344733242,15.12612182052102,12782.175180371058,3.022813537972071e-51,3.6273762455664854e-51,True
ResidencialMedioPadraoVert,1,0,35757,357524,0.0,0.0,0.0,393279.0,1.0,1.0,False
ResidencialMedioPadraoVert,1,3,35757,12724,0.0,0.0,0.0,48479.0,1.0,1.0,False
ResidencialMedioPadraoVert,1,2,35757,5848,0.0,0.0,0.0,41603.0,1.0,1.0,False
ResidencialMedioPadraoVert,0,3,357524,12724,0.0,0.0,0.0,370246.0,1.0,1.0,False
ResidencialMedioPadraoVert,0,2,357524,5848,0.0,0.0,0.0,363370.0,1.0,1.0,False
ResidencialMedioPadraoVert,3,2,12724,5848,0.0,0.0,0.0,18570.0,1.0,1.0,False
ResidencialMedioPadraoVert_pct,1,0,35757,357524,0.0,0.0,0.0,393279.0,1.0,1.0,False
ResidencialMedioPadraoVert_pct,1,3,35757,12724,0.0,0.0,0.0,48479.0,1.0,1.0,False
ResidencialMedioPadraoVert_pct,1,2,35757,5848,0.0,0.0,0.0,41603.0,1.0,1.0,False
ResidencialMedioPadraoVert_pct,0,3,357524,12724,0.0,0.0,0.0,370246.0,1.0,1.0,False
ResidencialMedioPadraoVert_pct,0,2,357524,5848,0.0,0.0,0.0,363370.0,1.0,1.0,False
ResidencialMedioPadraoVert_pct,3,2,12724,5848,0.0,0.0,0.0,18570.0,1.0,1.0,False
ResidencialPopularHor,1,0,35757,357524,2.4839891489778223,7.873100826797642,-172.2394278601581,60822.355714602665,0.0,0.0,True
ResidencialPopularHor,1,3,35757,12724,2.4839891489778223,3.245598868280415,-12.171509394568275,19052.809123219744,5.893778824970095e-34,5.893778824970095e-34,True
ResidencialPopularHor,1,2,35757,5848,2.4839891489778223,1.230249658002736,24.922643971427423,11442.133784153199,1.4835634958524707e-133,1.780276195022965e-133,True
ResidencialPopularHor,0,3,357524,12724,7.873100826797642,3.245598868280415,79.35700129351841,14651.29009399367,0.0,0.0,True
ResidencialPopularHor,0,2,357524,5848,7.873100826797642,1.230249658002736,147.9641913214928,7464.622228086668,0.0,0.0,True
ResidencialPopularHor,3,2,12724,5848,3.245598868280415,1.230249658002736,28.639169764074957,18394.889985285547,1.6062105018445603e-176,2.4093157527668407e-176,True
ResidencialPopularHor_pct,1,0,35757,357524,0.04601840199121851,0.1634651939450219,-201.94193951387203,67259.72506864827,0.0,0.0,True
ResidencialPopularHor_pct,1,3,35757,12724,0.04601840199121851,0.08272712983338572,-23.86280589922747,15754.392668918339,1.1546909683557397e-123,1.1546909683557397e-123,True
ResidencialPopularHor_pct,1,2,35757,5848,0.04601840199121851,0.019935020519835842,28.825510756390518,11555.771105891492,1.6543575082027493e-176,1.985229009843299e-176,True
ResidencialPopularHor_pct,0,3,357524,12724,0.1634651939450219,0.08272712983338572,54.2490034033506,13866.91871376923,0.0,0.0,True
ResidencialPopularHor_pct,0,2,357524,5848,0.1634651939450219,0.019935020519835842,175.69802504747665,7901.402631069108,0.0,0.0,True
ResidencialPopularHor_pct,3,2,12724,5848,0.08272712983338572,0.019935020519835842,38.24561980385532,17716.600539274732,1.384611859806209e-307,2.0769177897093135e-307,True
ResidencialPopularVert,1,0,35757,357524,0.0,0.0,0.0,393279.0,1.0,1.0,False
ResidencialPopularVert,1,3,35757,12724,0.0,0.0,0.0,48479.0,1.0,1.0,False
ResidencialPopularVert,1,2,35757,5848,0.0,0.0,0.0,41603.0,1.0,1.0,False
ResidencialPopularVert,0,3,357524,12724,0.0,0.0,0.0,370246.0,1.0,1.0,False
ResidencialPopularVert,0,2,357524,5848,0.0,0.0,0.0,363370.0,1.0,1.0,False
ResidencialPopularVert,3,2,12724,5848,0.0,0.0,0.0,18570.0,1.0,1.0,False
ResidencialPopularVert_pct,1,0,35757,357524,0.0,0.0,0.0,393279.0,1.0,1.0,False
ResidencialPopularVert_pct,1,3,35757,12724,0.0,0.0,0.0,48479.0,1.0,1.0,False
ResidencialPopularVert_pct,1,2,35757,5848,0.0,0.0,0.0,41603.0,1.0,1.0,False
ResidencialPopularVert_pct,0,3,357524,12724,0.0,0.0,0.0,370246.0,1.0,1.0,False
ResidencialPopularVert_pct,0,2,357524,5848,0.0,0.0,0.0,363370.0,1.0,1.0,False
ResidencialPopularVert_pct,3,2,12724,5848,0.0,0.0,0.0,18570.0,1.0,1.0,False
SemBaldeacao,1,0,35757,357524,36164.94492589643,45487.22310561649,-72.2437119015433,42525.877118978155,0.0,0.0,True
SemBaldeacao,1,3,35757,12724,36164.94492589643,24273.378353098098,60.106846691355805,29845.76572070875,0.0,0.0,True
SemBaldeacao,1,2,35757,5848,36164.94492589643,34630.03542591492,4.375255382510096,7594.740128048957,1.2291162602813777e-05,1.2291162602813777e-05,True
SemBaldeacao,0,3,357524,12724,45487.22310561649,24273.378353098098,133.4548487582228,14244.631882355618,0.0,0.0,True
SemBaldeacao,0,2,357524,5848,45487.22310561649,34630.03542591492,32.85550194060229,5998.630813329738,7.475420609647676e-218,1.1213130914471514e-217,True
SemBaldeacao,3,2,12724,5848,24273.378353098098,34630.03542591492,-28.53943710428197,8531.603062539745,3.4708629344846947e-171,4.165035521381634e-171,True
TO,1,0,35757,357524,0.5108618018750419,0.4097517670394353,108.05166697291612,45172.187031010035,0.0,0.0,True
TO,1,3,35757,12724,0.5108618018750419,0.5039541557073586,3.2802493388655143,18420.532023336476,0.0010390796546563127,0.0010390796546563127,True
TO,1,2,35757,5848,0.5108618018750419,0.5310068255904774,-8.62313884982243,7918.4271287777065,7.784484302939655e-18,9.341381163527586e-18,True
TO,0,3,357524,12724,0.4097517670394353,0.5039541557073586,-48.6246785772916,13408.146419497343,0.0,0.0,True
TO,0,2,357524,5848,0.4097517670394353,0.5310068255904774,-55.48169657569747,6092.392347979882,0.0,0.0,True
TO,3,2,12724,5848,0.5039541557073586,0.5310068255904774,-9.37022891282029,14488.684433888135,8.28767691290963e-21,1.2431515369364445e-20,True
TempoMediodeViagem,1,0,35757,357524,8827.815196687234,9711.796188305296,-19.59357915397295,40021.55254544425,4.3998271542128807e-85,6.599740731319321e-85,True
TempoMediodeViagem,1,3,35757,12724,8827.815196687234,2597.770051561183,84.1979191034713,27380.20072288055,0.0,0.0,True
TempoMediodeViagem,1,2,35757,5848,8827.815196687234,8932.82645888488,-0.8388016089126772,7573.228912295368,0.4016071222367993,0.40160712223679934,False
TempoMediodeViagem,0,3,357524,12724,9711.796188305296,2597.770051561183,117.53977295301662,13536.568965406643,0.0,0.0,True
TempoMediodeViagem,0,2,357524,5848,9711.796188305296,8932.82645888488,6.616351656082886,5942.510134466956,4.003787344482584e-11,4.804544813379101e-11,True
TempoMediodeViagem,3,2,12724,5848,2597.770051561183,8932.82645888488,-48.16342117945023,8982.142452031156,0.0,0.0,True
Terreno,1,0,35757,357524,1.2150627849092486,2.6627527103075597,-114.20654372677605,55377.68602555405,0.0,0.0,True
Terreno,1,3,35757,12724,1.2150627849092486,1.5161112857591952,-11.70953857119108,19220.691342214952,1.4579701600376325e-31,1.749564192045159e-31,True
Terreno,1,2,35757,5848,1.2150627849092486,0.9791381668946648,8.481548570921786,8359.021406971062,2.6028986076667117e-17,2.6028986076667117e-17,True
Terreno,0,3,357524,12724,2.6627527103075597,1.5161112857591952,48.27233027818231,14295.147783196133,0.0,0.0,True
Terreno,0,2,357524,5848,2.6627527103075597,0.9791381668946648,64.70715129059204,6440.596365432632,0.0,0.0,True
Terreno,3,2,12724,5848,1.5161112857591952,0.9791381668946648,15.649855130037666,14835.678900740566,9.123960463596705e-55,1.368594069539506e-54,True
Terreno_pct,1,0,35757,357524,0.023053947478815336,0.04977925957418243,-105.66196042218654,50619.76117001171,0.0,0.0,True
Terreno_pct,1,3,35757,12724,0.023053947478815336,0.033881640993398306,-19.037952987908273,18034.293904613467,5.037766259885654e-80,6.045319511862785e-80,True
Terreno_pct,1,2,35757,5848,0.023053947478815336,0.01725547195622435,10.5531673961939,8583.028923338541,7.071912140037208e-26,7.071912140037207e-26,True
Terreno_pct,0,3,357524,12724,0.04977925957418243,0.033881640993398306,30.038054475811297,13712.831397063757,4.8461417674091635e-192,9.692283534818327e-192,True
Terreno_pct,0,2,357524,5848,0.04977925957418243,0.01725547195622435,63.96473971463905,6342.396321905474,0.0,0.0,True
Terreno_pct,3,2,12724,5848,0.033881640993398306,0.01725547195622435,23.100161622495346,16504.268525307787,3.1963354927511407e-116,4.794503239126711e-116,True
Unnamed: 0,1,0,35757,357524,126799.16237380094,220765.46866783767,-175.99482824837855,47296.097315096515,0.0,0.0,True
Unnamed: 0,1,3,35757,12724,126799.16237380094,56767.954731216596,107.7766937174416,43359.25742617974,0.0,0.0,True
Unnamed: 0,1,2,35757,5848,126799.16237380094,107047.59798221615,16.260214971461355,8386.619292413501,1.4783039314198211e-58,1.478303931419821e-58,True
Unnamed: 0,0,3,357524,12724,220765.46866783767,56767.954731216596,356.07250966601066,18740.987600998676,0.0,0.0,True
Unnamed: 0,0,2,357524,5848,220765.46866783767,107047.59798221615,101.08949794971527,6209.3681507017145,0.0,0.0,True
Unnamed: 0,3,2,12724,5848,56767.954731216596,107047.59798221615,-42.454642304600924,7558.108963090277,0.0,0.0,True
UsoTotal,1,0,35757,357524,73.11534804373969,60.2684686902138,39.16939614722322,41218.10732397243,0.0,0.0,True
UsoTotal,1,3,35757,12724,73.11534804373969,70.0748978308708,4.78211072588806,21649.79198562167,1.7460471556256162e-06,1.7460471556256162e-06,True
UsoTotal,1,2,35757,5848,73.11534804373969,87.26752735978113,-16.105443517861975,7692.04035202621,2.0162316593046776e-57,2.4194779911656133e-57,True
UsoTotal,0,3,357524,12724,60.2684686902138,70.0748978308708,-17.570936556603716,13350.217293489099,2.413224109964337e-68,4.826448219928674e-68,True
UsoTotal,0,2,357524,5848,60.2684686902138,87.26752735978113,-32.7557878130327,5976.617710738849,1.3833557073889839e-216,4.150067122166952e-216,True
UsoTotal,3,2,12724,5848,70.0748978308708,87.26752735978113,-17.402213515520234,11274.805639026292,5.930317745121158e-67,8.895476617681737e-67,True
ValorConstrucaoM2,1,0,35757,357524,1435.1841151865158,648.0664079516314,169.1295168233295,39454.053436255825,0.0,0.0,True
ValorConstrucaoM2,1,3,35757,12724,1435.1841151865158,1849.302020578586,-49.68127275420184,24191.55178810017,0.0,0.0,True
ValorConstrucaoM2,1,2,35757,5848,1435.1841151865158,1753.5044644609725,-24.676204586975953,7592.75674807246,2.1677011438480096e-129,2.6012413726176117e-129,True
ValorConstrucaoM2,0,3,357524,12724,648.0664079516314,1849.302020578586,-170.03913511432367,13271.548714714221,0.0,0.0,True
ValorConstrucaoM2,0,2,357524,5848,648.0664079516314,1753.5044644609725,-91.22669896213398,5930.927379391331,0.0,0.0,True
ValorConstrucaoM2,3,2,12724,5848,1849.302020578586,1753.5044644609725,6.866286528718311,9911.564413071848,6.984619159612003e-12,6.984619159612003e-12,True
ValorTerrenoM2,1,0,35757,357524,1164.0584738898444,372.3388793728366,242.77664491462238,39989.47839984615,0.0,0.0,True
ValorTerrenoM2,1,3,35757,12724,1164.0584738898444,1278.2229854677698,-19.083990091959677,23340.01997841473,1.410530375594722e-80,1.6926364507136663e-80,True
ValorTerrenoM2,1,2,35757,5848,1164.0584738898444,1433.2918530601312,-35.27293379998666,8480.07490895387,1.929682034677595e-254,2.8945230520163924e-254,True
ValorTerrenoM2,0,3,357524,12724,372.3388793728366,1278.2229854677698,-176.59942280099332,13303.114076128431,0.0,0.0,True
ValorTerrenoM2,0,2,357524,5848,372.3388793728366,1433.2918530601312,-151.89606089266945,5988.614891288298,0.0,0.0,True
ValorTerrenoM2,3,2,12724,5848,1278.2229854677698,1433.2918530601312,-18.033879529648544,12162.639187106783,9.05985058422488e-72,9.05985058422488e-72,True
concentracaoStartups,1,0,35757,357524,0.0,0.0,0.0,393279.0,1.0,1.0,False
concentracaoStartups,1,3,35757,12724,0.0,0.0,0.0,48479.0,1.0,1.0,False
concentracaoStartups,1,2,35757,5848,0.0,0.0,0.0,41603.0,1.0,1.0,False
concentracaoStartups,0,3,357524,12724,0.0,0.0,0.0,370246.0,1.0,1.0,False
concentracaoStartups,0,2,357524,5848,0.0,0.0,0.0,363370.0,1.0,1.0,False
concentracaoStartups,3,2,12724,5848,0.0,0.0,0.0,18570.0,1.0,1.0,False
cont_aceleradora,1,0,35757,357524,0.0,0.0,0.0,393279.0,1.0,1.0,False
cont_aceleradora,1,3,35757,12724,0.0,0.0,0.0,48479.0,1.0,1.0,False
cont_aceleradora,1,2,35757,5848,0.0,0.0,0.0,41603.0,1.0,1.0,False
cont_aceleradora,0,3,357524,12724,0.0,0.0,0.0,370246.0,1.0,1.0,False
cont_aceleradora,0,2,357524,5848,0.0,0.0,0.0,363370.0,1.0,1.0,False
cont_aceleradora,3,2,12724,5848,0.0,0.0,0.0,18570.0,1.0,1.0,False
cr_1_pct,1,0,35757,357523,0.0,0.0,0.0,393278.0,1.0,1.0,False
cr_1_pct,1,3,35757,12416,0.0,0.0,0.0,48171.0,1.0,1.0,False
cr_1_pct,1,2,35757,5848,0.0,0.0,0.0,41603.0,1.0,1.0,False
cr_1_pct,0,3,357523,12416,0.0,0.0,0.0,369937.0,1.0,1.0,False
cr_1_pct,0,2,357523,5848,0.0,0.0,0.0,363369.0,1.0,1.0,False
cr_1_pct,3,2,12416,5848,0.0,0.0,0.0,18262.0,1.0,1.0,False
cr_2_pct,1,0,35757,357523,0.0616279329921414,0.03463326834916913,79.56284544689595,40989.44563611503,0.0,0.0,True
cr_2_pct,1,3,35757,12416,0.0616279329921414,0.08182345360824742,-29.549001625591966,20315.40511684554,6.319545204741256e-188,9.479317807111883e-188,True
cr_2_pct,1,2,35757,5848,0.0616279329921414,0.06137824897400821,0.2891234224133727,7945.230936653394,0.7724944734975909,0.7724944734975909,False
cr_2_pct,0,3,357523,12416,0.03463326834916913,0.08182345360824742,-77.86974586188994,12946.96460600976,0.0,0.0,True
cr_2_pct,0,2,357523,5848,0.03463326834916913,0.06137824897400821,-33.27754403862801,5987.548174647219,5.9619438007839506e-223,1.1923887601567901e-222,True
cr_2_pct,3,2,12416,5848,0.08182345360824742,0.06137824897400821,20.46645210534319,12432.897289577517,1.3740904750620166e-91,1.64890857007442e-91,True
cr_3_pct,1,0,35757,357523,0.17559219173868054,0.14689043781798652,25.937793466937517,40668.66793541601,3.9460348660195184e-147,5.919052299029278e-147,True
cr_3_pct,1,3,35757,12416,0.17559219173868054,0.08715085373711341,43.74761605022934,22798.814444479653,0.0,0.0,True
cr_3_pct,1,2,35757,5848,0.17559219173868054,0.1776829685362517,-0.7138296550188897,7762.657560119429,0.47535398105737225,0.4753539810573722,False
cr_3_pct,0,3,357523,12416,0.14689043781798652,0.08715085373711341,34.4008830404491,13070.185983095686,2.4170218371055236e-248,7.25106551131657e-248,True
cr_3_pct,0,2,357523,5848,0.14689043781798652,0.1776829685362517,-11.23822564260269,5968.143182907427,5.168382434458318e-29,6.202058921349982e-29,True
cr_3_pct,3,2,12416,5848,0.08715085373711341,0.1776829685362517,-28.113401570862806,10605.548963680583,8.648838661486793e-168,1.7297677322973587e-167,True
cr_4_pct,1,0,35757,357523,0.639911206197388,0.7672712384937469,-80.74413573948442,40501.20193704359,0.0,0.0,True
cr_4_pct,1,3,35757,12416,0.639911206197388,0.6462318782216495,-1.8389044135655808,18894.501752272732,0.06594492987367562,0.06594492987367562,False
cr_4_pct,1,2,35757,5848,0.639911206197388,0.6259806771545827,3.4026556712696587,7861.631386196154,0.0006706723309070125,0.0008048067970884149,True
cr_4_pct,0,3,357523,12416,0.7672712384937469,0.6462318782216495,39.008670673170364,12813.05402783515,0.0,0.0,True
cr_4_pct,0,2,357523,5848,0.7672712384937469,0.6259806771545827,37.009697111104614,5969.866501667317,4.066533185461967e-270,8.133066370923933e-270,True
cr_4_pct,3,2,12416,5848,0.6462318782216495,0.6259806771545827,4.142320722447579,13342.032732472575,3.459273120072325e-05,5.188909680108488e-05,True
cr_5_pct,1,0,35757,357523,0.0,0.0,0.0,393278.0,1.0,1.0,False
cr_5_pct,1,3,35757,12416,0.0,0.0,0.0,48171.0,1.0,1.0,False
cr_5_pct,1,2,35757,5848,0.0,0.0,0.0,41603.0,1.0,1.0,False
cr_5_pct,0,3,357523,12416,0.0,0.0,0.0,369937.0,1.0,1.0,False
cr_5_pct,0,2,357523,5848,0.0,0.0,0.0,363369.0,1.0,1.0,False
cr_5_pct,3,2,12416,5848,0.0,0.0,0.0,18262.0,1.0,1.0,False
densidade_hec,1,0,35693,356243,102.96921043562045,135.76889035494116,-72.94389418120522,43452.01993823163,0.0,0.0,True
densidade_hec,1,3,35693,12706,102.96921043562045,115.87670809374289,-14.209612786762378,20397.374482546653,1.3185094003776672e-45,1.977764100566501e-45,True
densidade_hec,1,2,35693,5843,102.96921043562045,104.33193549723156,-1.1208559070018347,7586.472913809448,0.2623846809565399,0.2623846809565399,False
densidade_hec,0,3,356243,12706,135.76889035494116,115.87670809374289,24.46676505012544,13469.409228705625,2.1805473721218245e-129,4.361094744243649e-129,True
densidade_hec,0,2,356243,5843,135.76889035494116,104.33193549723156,27.424386701374885,6015.036296838289,4.0242238361386915e-156,1.2072671508416073e-155,True
densidade_hec,3,2,12706,5843,115.87670809374289,104.33193549723156,8.29514521260489,11742.893833109854,1.2025612331647477e-16,1.4430734797976973e-16,True
